-- MySQL dump 10.13  Distrib 5.5.49, for Win32 (x86)
--
-- Host: localhost    Database: ahpu
-- ------------------------------------------------------
-- Server version	5.5.49

/*!40101 SET @OLD_CHARACTER_SET_CLIENT=@@CHARACTER_SET_CLIENT */;
/*!40101 SET @OLD_CHARACTER_SET_RESULTS=@@CHARACTER_SET_RESULTS */;
/*!40101 SET @OLD_COLLATION_CONNECTION=@@COLLATION_CONNECTION */;
/*!40101 SET NAMES utf8 */;
/*!40103 SET @OLD_TIME_ZONE=@@TIME_ZONE */;
/*!40103 SET TIME_ZONE='+00:00' */;
/*!40014 SET @OLD_UNIQUE_CHECKS=@@UNIQUE_CHECKS, UNIQUE_CHECKS=0 */;
/*!40014 SET @OLD_FOREIGN_KEY_CHECKS=@@FOREIGN_KEY_CHECKS, FOREIGN_KEY_CHECKS=0 */;
/*!40101 SET @OLD_SQL_MODE=@@SQL_MODE, SQL_MODE='NO_AUTO_VALUE_ON_ZERO' */;
/*!40111 SET @OLD_SQL_NOTES=@@SQL_NOTES, SQL_NOTES=0 */;

--
-- Table structure for table `comment`
--

DROP TABLE IF EXISTS `comment`;
/*!40101 SET @saved_cs_client     = @@character_set_client */;
/*!40101 SET character_set_client = utf8 */;
CREATE TABLE `comment` (
  `id` int(10) NOT NULL AUTO_INCREMENT,
  `content` varchar(100) NOT NULL,
  `create_time` date NOT NULL,
  `user_id` int(10) NOT NULL,
  `news_id` int(10) NOT NULL,
  PRIMARY KEY (`id`),
  KEY `comment_ifbk_1` (`user_id`),
  KEY `comment_ifbk_2` (`news_id`),
  CONSTRAINT `comment_ifbk_1` FOREIGN KEY (`user_id`) REFERENCES `user` (`id`) ON DELETE CASCADE ON UPDATE CASCADE,
  CONSTRAINT `comment_ifbk_2` FOREIGN KEY (`news_id`) REFERENCES `news` (`id`) ON DELETE CASCADE ON UPDATE CASCADE
) ENGINE=InnoDB DEFAULT CHARSET=utf8;
/*!40101 SET character_set_client = @saved_cs_client */;

--
-- Dumping data for table `comment`
--

LOCK TABLES `comment` WRITE;
/*!40000 ALTER TABLE `comment` DISABLE KEYS */;
/*!40000 ALTER TABLE `comment` ENABLE KEYS */;
UNLOCK TABLES;

--
-- Table structure for table `keywords`
--

DROP TABLE IF EXISTS `keywords`;
/*!40101 SET @saved_cs_client     = @@character_set_client */;
/*!40101 SET character_set_client = utf8 */;
CREATE TABLE `keywords` (
  `id` int(12) NOT NULL AUTO_INCREMENT,
  `keyword` varchar(100) NOT NULL,
  `news_id` int(10) NOT NULL,
  PRIMARY KEY (`id`),
  KEY `news_id` (`news_id`),
  CONSTRAINT `keywords_ifbk_1` FOREIGN KEY (`news_id`) REFERENCES `news` (`id`) ON DELETE CASCADE ON UPDATE CASCADE
) ENGINE=InnoDB AUTO_INCREMENT=933 DEFAULT CHARSET=utf8;
/*!40101 SET character_set_client = @saved_cs_client */;

--
-- Dumping data for table `keywords`
--

LOCK TABLES `keywords` WRITE;
/*!40000 ALTER TABLE `keywords` DISABLE KEYS */;
INSERT INTO `keywords` VALUES (111,'[医院/nis]',45),(112,'[武汉/ns]',45),(113,'[疫情/n]',45),(114,'[军队/n]',45),(115,'[组/n]',45),(116,'[抽/v]',45),(117,'[救治/vn]',45),(118,'[防控/vn]',45),(119,'[医疗/n]',45),(120,'[任务/n]',45),(121,'[武汉/ns]',46),(122,'[疫情/n]',46),(123,'[华中农业大学/ntu]',46),(124,'[何博/nr]',46),(125,'[放假/vi]',46),(126,'[开学/vi]',46),(127,'[太/d]',46),(128,'[湖北/ns]',46),(129,'[起来/vf]',46),(130,'[正常/a]',46),(131,'[病例/n]',47),(132,'[例/n]',47),(133,'[确诊/v]',47),(134,'[新增/v]',47),(135,'[1月/t]',47),(136,'[感染/v]',47),(137,'[肺炎/nhd]',47),(138,'[冠状病毒/nhd]',47),(139,'[-/nx]',47),(140,'[累计/vd]',47),(141,'[冠状病毒/nhd]',48),(142,'[感染/v]',48),(143,'[谣言/n]',48),(144,'[钟南山/nr]',48),(145,'[院士/nnt]',48),(146,'[喝酒/vi]',48),(147,'[注意/v]',48),(148,'[预防/v]',48),(149,'[漱口/vi]',48),(150,'[广州医科大学附属第一医院/nt]',48),(151,'[台军/nr]',49),(152,'[蔡英文/nr]',49),(153,'[网友/n]',49),(154,'[刘春/nr]',49),(155,'[表示/v]',49),(156,'[行径/n]',49),(157,'[丈夫/n]',49),(158,'[妻子/n]',49),(159,'[问题/n]',49),(160,'[吐槽/nz]',49),(161,'[金门/ns]',50),(162,'[两岸/n]',50),(163,'[五星红旗/n]',50),(164,'[民众/n]',50),(165,'[大陆/ns]',50),(166,'[希望/v]',50),(167,'[和平/n]',50),(168,'[王明宗/nr]',50),(169,'[发展/vn]',50),(170,'[两岸关系/nz]',50),(171,'[经济/n]',51),(172,'[台湾/ns]',51),(173,'[当局/n]',51),(174,'[问题/n]',51),(175,'[蔡/nz]',51),(176,'[未来/t]',51),(177,'[产业/n]',51),(178,'[恶化/vi]',51),(179,'[蔡英文/nr]',51),(180,'[停滞/vi]',51),(181,'[男子/n]',52),(182,'[服兵役/vn]',52),(183,'[台湾/ns]',52),(184,'[女友/n]',52),(185,'[表示/v]',52),(186,'[法国/nsf]',52),(187,'[月/n]',52),(188,'[方式/n]',52),(189,'[躲避/v]',52),(190,'[网友/n]',52),(191,'[口罩/n]',53),(192,'[汪小菲/nr]',53),(193,'[囤积/v]',53),(194,'[S/nx]',53),(195,'[周玉蔻/nr]',53),(196,'[民众/n]',53),(197,'[买/v]',53),(198,'[台湾/ns]',53),(199,'[员工/n]',53),(200,'[做/v]',53),(201,'[空军/nis]',54),(202,'[运输机/n]',54),(203,'[物资/n]',54),(204,'[武汉/ns]',54),(205,'[医疗/n]',54),(206,'[任务/n]',54),(207,'[空运/v]',54),(208,'[疫情/n]',54),(209,'[队员/nnt]',54),(210,'[紧急/a]',54),(211,'[亚马逊/nrf]',55),(212,'[%/nx]',55),(213,'[增长/v]',55),(214,'[Prime/nx]',55),(215,'[预期/vn]',55),(216,'[客户/n]',55),(217,'[本季度/nz]',55),(218,'[服务/vn]',55),(219,'[财报/nz]',55),(220,'[相比/vi]',55),(231,'[苹果/nf]',57),(232,'[Maps/nx]',57),(233,'[地图/n]',57),(234,'[应用/vn]',57),(235,'[应用程序/nz]',57),(236,'[世界/n]',57),(237,'[重新/d]',57),(238,'[美国/nsf]',57),(239,'[新功能/nz]',57),(240,'[重要/a]',57),(241,'[技术/n]',58),(242,'[摄像头/n]',58),(243,'[屏/ng]',58),(244,'[效果/n]',58),(245,'[PPI/nx]',58),(246,'[影像/n]',58),(247,'[目前/t]',58),(248,'[智能手机/nz]',58),(249,'[手机/n]',58),(250,'[量产/nz]',58),(251,'[屏/ng]',59),(252,'[摄像头/n]',59),(253,'[技术/n]',59),(254,'[手机/n]',59),(255,'[屏幕/n]',59),(256,'[OPPO/nx]',59),(257,'[厂商/nnd]',59),(258,'[前置/n]',59),(259,'[成像/vn]',59),(260,'[问题/n]',59),(261,'[Odyssey/nx]',60),(262,'[显/v]',60),(263,'[头/n]',60),(264,'[三星/ntc]',60),(265,'[设备/n]',60),(266,'[现实/n]',60),(267,'[装置/n]',60),(268,'[头戴式/n]',60),(269,'[新/a]',60),(270,'[使用/v]',60),(271,'[专利/n]',61),(272,'[屏/ng]',61),(273,'[小米/n]',61),(274,'[折叠/v]',61),(275,'[Razr/nx]',61),(276,'[报道/v]',61),(277,'[摄像头/n]',61),(278,'[屏幕/n]',61),(279,'[部分/n]',61),(280,'[接近/v]',61),(281,'[伊拉克/nsf]',62),(282,'[美军/n]',62),(283,'[问题/n]',62),(284,'[打击/v]',62),(285,'[系统/n]',62),(286,'[美国/nsf]',62),(287,'[展开/v]',62),(288,'[1月/t]',62),(289,'[拦截/v]',62),(290,'[研究/vn]',62),(291,'[美国/nsf]',63),(292,'[核武器/n]',63),(293,'[核弹头/n]',63),(294,'[W/nx]',63),(295,'[-/nx]',63),(296,'[战术/n]',63),(297,'[战略/n]',63),(298,'[当量/n]',63),(299,'[低/a]',63),(300,'[俄罗斯/nsf]',63),(301,'[航行/vi]',64),(302,'[舰/ng]',64),(303,'[海域/n]',64),(304,'[战斗舰/n]',64),(305,'[南海/ns]',64),(306,'[自由/a]',64),(307,'[美国海军/nt]',64),(308,'[1月/t]',64),(309,'[任务/n]',64),(310,'[中国/ns]',64),(311,'[训练/vn]',65),(312,'[联合/vd]',65),(313,'[鱼鹰/n]',65),(314,'[市/n]',65),(315,'[称/v]',65),(316,'[仪式/n]',65),(317,'[美国海军陆战队/nt]',65),(318,'[1月/t]',65),(319,'[冲绳县/nsf]',65),(320,'[约/d]',65),(341,'[玉米/nf]',68),(342,'[植物/n]',68),(343,'[中/f]',68),(344,'[更快/d]',68),(345,'[可能会/nz]',68),(346,'[研究/vn]',68),(347,'[寒冷/a]',68),(348,'[情况/n]',68),(349,'[更加/d]',68),(350,'[恢复/v]',68),(351,'[太阳/n]',69),(352,'[望远镜/n]',69),(353,'[DKIST/nx]',69),(354,'[地球/ns]',69),(355,'[成为/v]',69),(356,'[图像/n]',69),(357,'[等离子体/n]',69),(358,'[美国国家科学基金会/nt]',69),(359,'[大小/n]',69),(360,'[特征/n]',69),(361,'[斯皮策/nrf]',70),(362,'[任务/n]',70),(363,'[望远镜/n]',70),(364,'[太空/s]',70),(365,'[红外/n]',70),(366,'[观测/vn]',70),(367,'[研究/vn]',70),(368,'[运行/vn]',70),(369,'[发射/v]',70),(370,'[外行星/n]',70),(371,'[B-/nx]',71),(372,'[轰炸机/n]',71),(373,'[设计/vn]',71),(374,'[细节/n]',71),(375,'[隐身/v]',71),(376,'[报道/v]',71),(377,'[美国空军/nt]',71),(378,'[公布/v]',71),(379,'[进气口/n]',71),(380,'[机身/n]',71),(381,'[日本/ns]',72),(382,'[邮轮/n]',72),(383,'[确诊/v]',72),(384,'[船上/s]',72),(385,'[隔离/vn]',72),(386,'[环球时报/nz]',72),(387,'[进行/vn]',72),(388,'[称/v]',72),(389,'[感染/v]',72),(390,'[病毒/n]213',72),(391,'[中国/ns]',73),(392,'[疫情/n]',73),(393,'[俄罗斯/nsf]',73),(394,'[中/f]',73),(395,'[合作/vn]',73),(396,'[国际/n]',73),(397,'[抗击/v]',73),(398,'[经济/n]',73),(399,'[开展/v]',73),(400,'[领域/n]',73),(401,'[中国/ns]',74),(402,'[城市/n]',74),(403,'[人口/n]',74),(404,'[规模/n]',74),(405,'[地区/n]',74),(406,'[全球/n]',74),(407,'[例子/n]',74),(408,'[超过/v]',74),(409,'[广州/ns]',74),(410,'[成为/v]',74),(411,'[-/nx]',75),(412,'[战斗机/n]',75),(413,'[俄罗斯/nsf]',75),(414,'[中国/ns]',75),(415,'[出口/vn]',75),(416,'[是否/v]',75),(417,'[实现/v]',75),(418,'[已经/d]',75),(419,'[报道/v]',75),(420,'[歼/vg]',75),(421,'[报道/v]',76),(422,'[联合早报/nz]',76),(423,'[病毒/n]',76),(424,'[疫情/n]',76),(425,'[新加坡/nsf]',76),(426,'[龙/n]',76),(427,'[称/v]',76),(428,'[李显/nr]',76),(429,'[感染/v]',76),(430,'[肯定/v]',76),(431,'[特朗普/nrf]',77),(432,'[维德曼/nrf]',77),(433,'[总统/nnt]',77),(434,'[美国/nsf]',77),(435,'[说/v]',77),(436,'[中/f]',77),(437,'[桑德兰/ns]',77),(438,'[称/v]',77),(439,'[白宫/ns]',77),(440,'[判断/v]',77),(441,'[日本/ns]',78),(442,'[队员/nnt]',78),(443,'[团/n]',78),(444,'[水陆/n]',78),(445,'[河野/nz]',78),(446,'[防卫/vn]',78),(447,'[报道/v]',78),(448,'[视察/v]',78),(449,'[夺回/v]',78),(450,'[训练/vn]',78),(451,'[无人机/n]',79),(452,'[口罩/n]',79),(453,'[宣传/vn]',79),(454,'[戴/v]',79),(455,'[喊话/vi]',79),(456,'[疫情/n]',79),(457,'[防疫/vn]',79),(458,'[空中/s]',79),(459,'[疫/ng]',79),(460,'[防控/vn]',79),(461,'[企业/n]',80),(462,'[疫情/n]',80),(463,'[防控/vn]',80),(464,'[中国/ns]',80),(465,'[生产/vn]',80),(466,'[办公/vn]',80),(467,'[在线/vn]',80),(468,'[经济/n]',80),(469,'[移动/vn]',80),(470,'[进行/vn]',80),(471,'[供应/vn]',81),(472,'[企业/n]',81),(473,'[生产/vn]',81),(474,'[疫情/n]',81),(475,'[保障/vn]',81),(476,'[全国/n]',81),(477,'[粮油/n]',81),(478,'[市场/n]',81),(479,'[保供/v]',81),(480,'[做好/v]',81),(481,'[疫情/n]',82),(482,'[投资者/nnd]',82),(483,'[市场/n]',82),(484,'[企业/n]',82),(485,'[持有/v]',82),(486,'[会/v]',82),(487,'[波动/vn]',82),(488,'[长期/d]',82),(489,'[股市/n]',82),(490,'[能力/n]',82),(491,'[家庭理财/nz]',83),(492,'[投资/vn]',83),(493,'[产品/n]',83),(494,'[养老/vn]',83),(495,'[需要/v]',83),(496,'[家庭/n]',83),(497,'[董登新/nr]',83),(498,'[长期/d]',83),(499,'[长期投资/nz]',83),(500,'[发展/vn]',83),(501,'[资金/n]',84),(502,'[北上/vi]',84),(503,'[疫情/n]',84),(504,'[融资/vn]',84),(505,'[买入/v]',84),(506,'[净/a]',84),(507,'[连续/a]',84),(508,'[减持/nz]',84),(509,'[产品/n]',84),(510,'[生物/n]',84),(511,'[邮政/n]',85),(512,'[快递/v]',85),(513,'[车辆/n]',85),(514,'[疫情/n]',85),(515,'[防控/vn]',85),(516,'[通行/vi]',85),(517,'[保障/vn]',85),(518,'[运输/vn]',85),(519,'[物资/n]',85),(520,'[要求/n]',85),(521,'[用户/n]',86),(522,'[数据/n]',86),(523,'[位置/n]',86),(524,'[已经/d]',86),(525,'[智能手机/nz]',86),(526,'[识别/vn]',86),(527,'[移民/n]',86),(528,'[美国/nsf]',86),(529,'[应用/vn]',86),(530,'[称/v]',86),(531,'[锦标赛/n]',87),(532,'[组合/vn]',87),(533,'[中国/ns]',87),(534,'[四大洲/nz]',87),(535,'[选手/n]',87),(536,'[短节目/nz]',87),(537,'[中/f]',87),(538,'[国际滑联/nt]',87),(539,'[列/v]',87),(540,'[排名/vi]',87),(541,'[东风日产/ntc]',88),(542,'[消费者/n]',88),(543,'[销量/n]',88),(544,'[品牌/n]',88),(545,'[产品/n]',88),(546,'[市场/n]',88),(547,'[12月/t]',88),(548,'[发动机/n]',88),(549,'[实现/v]',88),(550,'[提供/v]',88),(551,'[通用汽车/ntc]',89),(552,'[上汽/n]',89),(553,'[企业/n]',89),(554,'[环保/n]',89),(555,'[社会/n]',89),(556,'[公益/n]',89),(557,'[发展/vn]',89),(558,'[中国/ns]',89),(559,'[绿色/n]',89),(560,'[责任/n]',89),(561,'[atelier/nx]',90),(562,'[L/nx]',90),(563,'[首尔/ns]',90),(564,'[主题/n]',90),(565,'[展馆/n]',90),(566,'[中国/ns]',90),(567,'[东大门/nz]',90),(568,'[里/f]',90),(569,'[画/v]',90),(570,'[梵高/nrf]',90),(571,'[觉得/v]',91),(572,'[电影/n]',91),(573,'[女排/nis]',91),(574,'[漳州/ns]',91),(575,'[东西/n]',91),(576,'[做/v]',91),(577,'[年代/n]',91),(578,'[现在/t]',91),(579,'[会/v]',91),(580,'[包括/v]',91),(581,'[空间站/n]',92),(582,'[任务/n]',92),(583,'[发射/v]',92),(584,'[航天员/nnd]',92),(585,'[运载火箭/n]',92),(586,'[飞船/n]',92),(587,'[舱/n]',92),(588,'[空间/n]',92),(589,'[航天/n]',92),(590,'[我国/n]',92),(591,'[月亮/n]',93),(592,'[满月/vi]',93),(593,'[月/n]',93),(594,'[moon/nx]',93),(595,'[发生/v]',93),(596,'[时间/n]',93),(597,'[2月/t]',93),(598,'[迎接/v]',93),(599,'[NASA/nx]',93),(600,'[称/v]',93),(601,'[战备/vn]',94),(602,'[巡航/vi]',94),(603,'[报道/v]',94),(604,'[-/nx]',94),(605,'[轰炸机/n]',94),(606,'[战区/n]',94),(607,'[轰/v]',94),(608,'[飞行/vn]',94),(609,'[解放军/nnd]',94),(610,'[出动/v]',94),(611,'[中国/ns]',95),(612,'[疫情/n]',95),(613,'[采取/v]',95),(614,'[城市/n]',95),(615,'[新/a]',95),(616,'[措施/n]',95),(617,'[控制/vn]',95),(618,'[已经/d]',95),(619,'[病毒/n]',95),(620,'[北京/ns]',95),(621,'[美国/nsf]',96),(622,'[疫情/n]',96),(623,'[防控/vn]',96),(624,'[流感/n]',96),(625,'[中国/ns]',96),(626,'[公共卫生/nz]',96),(627,'[美国政府/nt]',96),(628,'[面对/v]',96),(629,'[拨款/vi]',96),(630,'[全球/n]',96),(631,'[美国/nsf]',96),(632,'[疫情/n]',96),(633,'[防控/vn]',96),(634,'[流感/n]',96),(635,'[中国/ns]',96),(636,'[公共卫生/nz]',96),(637,'[美国政府/nt]',96),(638,'[面对/v]',96),(639,'[拨款/vi]',96),(640,'[全球/n]',96),(641,'[措施/n]',98),(642,'[国际/n]',98),(643,'[组织/n]',98),(644,'[采取/v]',98),(645,'[民航局/nis]',98),(646,'[限制/vn]',98),(647,'[国家/n]',98),(648,'[民航/n]',98),(649,'[运输/vn]',98),(650,'[国际航空/nz]',98),(651,'[胡塞/nrf]',99),(652,'[武装/n]',99),(653,'[也门/ns]',99),(654,'[战斗机/n]',99),(655,'[沙特/nrf]',99),(656,'[坠毁/v]',99),(657,'[击落/v]',99),(658,'[导弹/n]',99),(659,'[称/v]',99),(660,'[坠机/n]',99),(661,'[运输机/n]',100),(662,'[-/nx]',100),(663,'[运/v]',100),(664,'[中国空军/nt]',100),(665,'[物资/n]',100),(666,'[武汉/ns]',100),(667,'[上午/t]',100),(668,'[空军/nis]',100),(669,'[凌晨/t]',100),(670,'[伊尔/nrf]',100),(671,'[伊朗/nsf]',101),(672,'[武器/n]',101),(673,'[导弹/n]',101),(674,'[美国海军/nt]',101),(675,'[美国/nsf]',101),(676,'[缴获/v]',101),(677,'[中东/ns]',101),(678,'[武装/n]',101),(679,'[报道/v]',101),(680,'[截获/v]',101),(681,'[美国/nsf]',102),(682,'[伊朗/nsf]',102),(683,'[苏莱曼尼/nrf]',102),(684,'[行动/vn]',102),(685,'[表示/v]',102),(686,'[扎里夫/nrf]',102),(687,'[中/f]',102),(688,'[报道/v]',102),(689,'[特朗普/nrf]',102),(690,'[美军/n]',102),(691,'[运输机/n]',103),(692,'[B/nx]',103),(693,'[CMV-/nx]',103),(694,'[美国海军/nt]',103),(695,'[F-/nx]',103),(696,'[C/nx]',103),(697,'[进行/vn]',103),(698,'[中/f]',103),(699,'[报道/v]',103),(700,'[关键/n]',103),(701,'[美国/nsf]',102),(702,'[伊朗/nsf]',102),(703,'[苏莱曼尼/nrf]',102),(704,'[行动/vn]',102),(705,'[表示/v]',102),(706,'[扎里夫/nrf]',102),(707,'[中/f]',102),(708,'[报道/v]',102),(709,'[特朗普/nrf]',102),(710,'[美军/n]',102),(711,'[长城站/n]',105),(712,'[贼鸥/nz]',105),(713,'[2月/t]',105),(714,'[科考/n]',105),(715,'[摄/vg]',105),(716,'[队员/nnt]',105),(717,'[站区/n]',105),(718,'[记者/nnt]',105),(719,'[新华社/nt]',105),(720,'[附近/f]',105),(771,'[旅游/vn]',111),(772,'[中国/ns]',111),(773,'[损失/n]',111),(774,'[影响/vn]',111),(775,'[市场/n]',111),(776,'[称/v]',111),(777,'[游客/n]',111),(778,'[澳大利亚/nsf]',111),(779,'[昆州/nz]',111),(780,'[表示/v]',111),(781,'[中国/ns]',112),(782,'[疫情/n]',112),(783,'[人民/n]',112),(784,'[说/v]',112),(785,'[表示/v]',112),(786,'[抗击/v]',112),(787,'[支持/v]',112),(788,'[采取/v]',112),(789,'[冠/ng]',112),(790,'[新/a]',112),(791,'[谨慎/a]',113),(792,'[心/n]',113),(793,'[风险/n]',113),(794,'[中/f]',113),(795,'[习近平/nr]',113),(796,'[总书记/nnt]',113),(797,'[党/n]',113),(798,'[疫情/n]',113),(799,'[干部/nnt]',113),(800,'[取得/v]',113),(801,'[中国/ns]',114),(802,'[国家/n]',114),(803,'[美国/nsf]',114),(804,'[疫情/n]',114),(805,'[说/v]',114),(806,'[老胡/nz]',114),(807,'[声音/n]',114),(808,'[觉得/v]',114),(809,'[社会/n]',114),(810,'[看到/v]',114),(820,'[疫情/n]',115),(821,'[合作/vn]',115),(822,'[支持/v]',115),(823,'[中方/n]',115),(824,'[卫生/an]',115),(825,'[法方/n]',115),(826,'[加强/v]',115),(827,'[帮助/v]',115),(828,'[国家/n]',115),(829,'[人民/n]',115),(830,'[中国/ns]',116),(831,'[疫情/n]',116),(832,'[全球/n]',116),(833,'[国家/n]',116),(834,'[援助/vn]',116),(835,'[疫/ng]',116),(836,'[提供/v]',116),(837,'[人类/n]',116),(838,'[抗/v]',116),(839,'[口罩/n]',116),(840,'[疫情/n]',117),(841,'[中国/ns]',117),(842,'[防控/vn]',117),(843,'[病毒/n]',117),(844,'[人民/n]',117),(845,'[党中央/nt]',117),(846,'[面对/v]',117),(847,'[武汉/ns]',117),(848,'[全国/n]',117),(849,'[斗争/vn]',117),(850,'[记者/nnt]',118),(851,'[美国/nsf]',118),(852,'[中国/ns]',118),(853,'[香港/ns]',118),(854,'[工作/vn]',118),(855,'[发言人/nnt]',118),(856,'[称/v]',118),(857,'[中方/n]',118),(858,'[外国/n]',118),(859,'[驱逐/v]',118),(860,'[餐厅/nis]',119),(861,'[科罗拉多州/nsf]',119),(862,'[老板/nnt]',119),(863,'[州长/nnt]',119),(864,'[美国/nsf]',119),(865,'[称/v]',119),(866,'[卫生部门/nz]',119),(867,'[营业执照/n]',119),(868,'[吊销/v]',119),(869,'[社交/n]',119),(870,'[出现/v]',120),(871,'[儿童/n]',120),(872,'[例/n]',120),(873,'[韩国/nsf]',120),(874,'[5月/t]',120),(875,'[怪病/v]',120),(876,'[防疫/vn]',120),(877,'[冠/ng]',120),(878,'[新/a]',120),(879,'[报道/v]',120),(880,'[拜登/nrf]',121),(881,'[报道/v]',121),(882,'[特朗普/nrf]',121),(883,'[称/v]',121),(884,'[美国/nsf]',121),(885,'[阵亡将士/n]',121),(886,'[口罩/n]',121),(887,'[疫情/n]',121),(888,'[报/n]',121),(889,'[当天/t]',121),(911,'[特朗普/nrf]',124),(912,'[照片/n]',124),(913,'[美国/nsf]',124),(914,'[网友/n]',124),(915,'[车队/nis]',124),(916,'[中/f]',124),(917,'[称/v]',124),(918,'[说/v]',124),(919,'[报道/v]',124),(920,'[批评/vn]',124),(922,'[官员/n]',45),(923,'[美国/nsf]',125),(924,'[中国/ns]',125),(925,'[美方/n]',125),(926,'[赵立坚/nr]',125),(927,'[留学生/n]',125),(928,'[留学人员/n]',125),(929,'[表示/v]',125),(930,'[领导人/nnt]',125),(931,'[记者/nnt]',125),(932,'[严重/a]',125);
/*!40000 ALTER TABLE `keywords` ENABLE KEYS */;
UNLOCK TABLES;

--
-- Table structure for table `news`
--

DROP TABLE IF EXISTS `news`;
/*!40101 SET @saved_cs_client     = @@character_set_client */;
/*!40101 SET character_set_client = utf8 */;
CREATE TABLE `news` (
  `id` int(10) NOT NULL AUTO_INCREMENT,
  `title` varchar(500) NOT NULL,
  `content` mediumtext NOT NULL,
  `source` varchar(50) DEFAULT NULL,
  `date` date DEFAULT NULL,
  `page_view` int(10) DEFAULT '0',
  PRIMARY KEY (`id`)
) ENGINE=InnoDB AUTO_INCREMENT=126 DEFAULT CHARSET=utf8;
/*!40101 SET character_set_client = @saved_cs_client */;

--
-- Dumping data for table `news`
--

LOCK TABLES `news` WRITE;
/*!40000 ALTER TABLE `news` DISABLE KEYS */;
INSERT INTO `news` VALUES (45,'经中央军委主席习近平批准 军队抽组医疗力量承担武汉火神山医院医疗救治任务','央视网消息 （新闻联播）：经中央军委主席习近平批准，军队抽组1400名医护人员于2月3日起承担武汉火神山医院医疗救治任务。按照习主席指示要求，全军官兵牢记人民军队宗旨，闻令而动，勇挑重担，敢打硬仗，积极支援地方疫情防控。从2月1日开始，军队抽组医疗力量分别以铁路、空运的方式集结武汉，聚力打赢新型冠状病毒感染的肺炎疫情防控阻击战。 2日凌晨1时30分，空军出动8架大型运输机，先后从某军用机场起飞，凌晨4时陆续抵达沈阳、兰州、广州、南京等地，开始装载795名军队医疗队队员和58吨物资，之后再次升空飞赴武汉。这是继汶川、玉树抗震救灾之后，空军参与非战争军事行动同时出动大型运输机数量最多的一次。 2日上午8时55分开始，8架大型运输机每间隔5分钟依次降落在武汉天河机场。 此次抽组的医疗力量来自全军不同的医疗单位，其中，联勤保障部队所属医院抽组950人，先期抵达的陆军军医大学、海军军医大学、空军军医大学450人纳入统一编组。医护人员中，有不少人曾参加小汤山医院抗击非典任务以及援助塞拉利昂、利比里亚抗击埃博拉疫情任务，具有丰富的传染病救治经验。 1日下午，郑州联勤保障中心军队支援湖北医疗队乘坐火车抵达武汉，主要担负火神山任务区疫情防控、病例筛查、重症救治等任务。此外，从解放军疾病预防控制中心、军事科学院军事医学研究院抽组15名专家组成联合专家组，现地指导医院疫情防控工作。 2日中午，军队筹组医疗力量全部到位，武汉市和联勤保障部队在武汉火神山医院签署互换交接文件，2月3日开始收治患者。该医院主要救治确诊患者，编设床位1000张，开设重症监护病区、重症病区、普通病区，设置感染控制、检验、特诊、放射诊断等辅助科室。','央视网','2020-02-16',0),(46,'武汉高校学生期盼：早日战胜疫情正常上学','        武汉高校学生期盼：早日战胜疫情正常上学 中新社武汉1月29日电 (记者 马芙蓉)“以前盼望着放假，现在无比想开学，因为开学意味着疫情解除。”华中农业大学学生梁清源29日受访时说，“武汉，你要快点好起来！” 武汉市委书记马国强28日晚在新闻发布会上表示，将视疫情情况，看是否向国家申请假期再延长。此前，湖北已发布通告，要求省内大专院校、中小学、幼儿园推迟开学时间，以最大限度阻断疫情传播扩散渠道。 记者梳理发现，截至29日上午，武汉大学、华中科技大学、华中农业大学、中国地质大学(武汉)等武汉大部分高校已决定延迟2020年春季开学，具体开学时间视疫情情况另行通知。 湖北是科教大省，拥有普通高等教育在校大学生150多万，其中武汉拥有高校89所，在校大学生120多万。新型冠状病毒感染的肺炎疫情大面积爆发之前，武汉大部分高校学生已放假返乡。 梁清源于1月11日从武汉返回山东淄博老家，目前身体正常，但每日还是会向社区汇报体温。“天天宅在家里太无聊了。”她坦言。备课、练字、学英语，她尽量让自己运动起来。作为华中农业大学“本禹志愿服务队”成员，梁清源返校前，一直在贵州毕节支教。 返回四川老家18天来，中南民族大学学生何博放假状态从最初“开心地在沙发上打滚”变成“非常想上学，想拥抱室友和老师”。在武汉求学三年，何博已把武汉当作第二故乡。数日前，看到武汉防疫物资紧缺，她捐款120元(人民币，下同)，班上同学共捐款2500元。“武汉平安，身边的家人和朋友都要平安。”何博许下新年愿望。 “我的家人和朋友都担心疾病，但我告诉他们，我并不太担心，政府和官员们尽最大努力，局势得到控制。”来自华中科技大学生物医学工程专业的德国留学生Victor说，留校有辅导员照顾，他每天写写论文，等待疫情结束。(完)','中国新闻网','2020-01-29',0),(47,'全国确诊5974例，10省单日新增病例数下降！','吉林、河南、湖北、四川、贵州、新疆、海南、福建、青海、陕西。 据国家卫健委消息，1月28日0-24时，31个省（区、市）报告新增确诊病例1459例，新增重症病例263例，新增死亡病例26例（湖北省25例、河南省1例），新增治愈出院病例43例，新增疑似病例3248例（包括西藏1例）。 截至1月28日24时，国家卫生健康委收到31个省（区、市）累计报告确诊病例5974例，现有重症病例1239例，累计死亡病例132例，累计治愈出院103例。现有疑似病例9239例。 目前累计追踪到密切接触者65537人，当日解除医学观察1604人，现有59990人正在接受医学观察。 累计收到港澳台地区通报确诊病例：香港特别行政区8例，澳门特别行政区7例，台湾地区8例。 在今天的最新消息中，虽然最后一个没有确诊的省份西藏也出现了一例疑似病例，但环球网记者同时注意到，在今日各省份包括湖北在内的至少10各省份新增确诊病例数都有所下降。以下为环球网整理近两天新增确诊数对比： 吉林 1月28日0-24时，吉林省报告新型冠状病毒感染的肺炎新增确诊病例1例； 1月27日0-24时，吉林省报告新增新型冠状病毒感染的肺炎确诊病例2例。 河南 2020年1月28日0-24时，12市(县)报告新型冠状病毒感染的肺炎新增确诊病例38例； 2020年1月27日0-24时，12市(县)报告新型冠状病毒感染的肺炎新增确诊病例40例。 湖北 2020年1月28日0时-24时，湖北省新增新型冠状病毒感染的肺炎病例840例； 2020年1月27日0时-24时，湖北省新增新型冠状病毒感染的肺炎病例1291例。 四川 1月28日，按照《新型冠状病毒感染的肺炎诊疗方案》规定，根据病例临床表现，结合流行病学史和实验室检测结果，四川省新型冠状病毒感染的肺炎病例确认专家组确认此18例病例为我省新增新型冠状病毒感染的肺炎病例。 1月27日，按照《新型冠状病毒感染的肺炎诊疗方案》规定，根据病例临床表现，结合流行病学史和实验室检测结果，四川省新型冠状病毒感染的肺炎病例确认专家组确认此21例病例为我省新增新型冠状病毒感染的肺炎病例。 贵州 2020年1月28日0—24时，我省无新型冠状病毒感染的肺炎新增病例。 1月27日0—24时，贵州省新型冠状病毒感染的肺炎新增2例确诊病例。 新疆 2020年1月28日0-24时，自治区报告新型冠状病毒感染的肺炎新增确诊病例3例； 2020年1月27日0-24时，自治区报告新型冠状病毒感染的肺炎新增确诊病例5例。 海南 2020年1月28日00：00-24：00，海南省新型冠状病毒感染的肺炎新增确诊病例5例； 2020年1月27日16:00-28日7:00，海南省新型冠状病毒感染的肺炎新增确诊病例7例。 福建 1月28日15时—1月28日24时，我省报告新增新型冠状病毒感染的肺炎确诊病例2例； 1月28日8时—1月28日15时，福建报告新增新型冠状病毒感染的肺炎确诊病例7例。 青海 2020年1月28日0-24时，青海省报告新型冠状病毒感染的肺炎新增确诊病例0例； 2020年1月27日0-24时，青海省报告新型冠状病毒感染的肺炎新增确诊病例2例。 陕西 截至1月29日10时，陕西新增10例新型冠状病毒感染的肺炎确诊病例； 截至1月28日14时，陕西新增11例新型冠状病毒感染的肺炎确诊病例。 来源：环球网综合','环球网','2020-01-29',0),(48,'抗击疫情，别让这几大谣言混淆视听！','针对微信群和朋友圈出现的各种新型冠状病毒感染的肺炎疫情防控的传言，26日专家解读这些均属谣言，希望大家不信谣、不传谣。 谣言一： 钟南山院士建议“全中国人民在家隔离两周” 广州医科大学附属第一医院相关负责人表示，钟南山院士从未提出“全中国人民在家隔离两周”的建议。但钟南山院士强调注意防护，早发现、早隔离，尽可能减少传播，减少出现“超级传播者”的概率。重视防护，但也不必恐慌。尽量减少走亲访友，少去人员密集的场所，出门戴口罩，在室内注意通风，勤洗手，多运动，少熬夜。 谣言二： 钟南山院士已被传染新型冠状病毒 广州医科大学附属第一医院相关负责人介绍，25日早上，钟南山院士就已回到广州医科大学附属第一医院开展工作。 谣言三： 用淡盐水漱口可以预防新型冠状病毒 网传“钟南山院士建议盐水漱口防病毒”。广州医科大学附属第一医院钟南山院士团队辟谣：盐水漱口有利于清洁口腔和咽喉，对于咽喉炎有帮助。但是新型冠状病毒侵犯的部位在呼吸道，漱口没有办法清洁呼吸道。其次，目前尚无任何研究结果提示盐水对新型冠状病毒有杀灭作用。 谣言四： 吃大剂量抗流感药能预防新型冠状病毒感染 中华预防医学会医院感染控制分会吴安华教授认为，目前没有循证医学证据表明抗流感药物如阿比多尔对于新型冠状病毒感染有预防作用，大剂量服用阿比多尔是有副作用的，其不良事件发生率约为6.2%，主要表现为恶心、腹泻、头晕和血清转氨酶增高。特别要注意的是孕妇及哺乳期妇女、严重肾功能不全者一定要慎用此类药物。 谣言五： 喝酒可杀病毒 河北省新型冠状病毒感染的肺炎救治专家组组长阎锡新说，新型冠状病毒确实对酒精是不耐受的，酒精具有不错的消毒作用。但是人喝酒以后，酒精经过胃肠进入到血流当中，经过肝脏代谢排除掉。而新型冠状病毒感染是病毒进入呼吸道，引起气道和肺的病变。“人喝酒以后，酒精在气道里面的含量，远远不足以杀死病毒，所以不存在喝酒来预防或者治疗新型冠状病毒感染的可能性。相反，过量饮酒降低机体抵抗力，容易招致更严重的感染。”阎锡新说。','新华社','2020-01-27',0),(49,'蔡英文专机机长被曝“家暴、酗酒” 台网友：居然没坠机','作者 | 张荣耀 ▲来源：中时电子报 据台湾中时电子报4日报道，蔡英文专机驾驶员、台军中校飞行员刘春元，日前被妻子曝光长期家暴，并且存在出专机勤务前一晚仍酗酒等问题。 据其妻子爆料，因情绪控管、长期家暴、酗酒等问题，刘春元在婚前曾到医院精神科就诊。没想到婚后，自去年7月开始，刘春元却擅自停药，变本加厉在住所对其进行殴打，甚至对她施以勒颈、开车冲撞拦阻等恐怖行径。 此外，其妻子更惊爆丈夫于出蔡英文专机勤务前一晚，曾在住所酗酒。“有几次即便隔天有蔡英文的任务，他还是会忍不住(喝酒)。”刘妻表示，她曾多次劝阻未果，还质问丈夫难道不怕因酒测败露而遭惩处吗？但丈夫却表示，只是喝一小瓶而已，不会被测出来。 据报道，刘妻还吐槽说，自己在8月初向台军空军松指部长官反应刘春元的问题，但台军方至今仍置之不理，完全无视驾驶员有如此危险的精神状态和荒唐行径。 对此，台湾网友纷纷开启吐槽模式。有网友表示“居然没坠机，真是可惜”;还有网友吐槽台军机长“没喝酒开不直飞机”。 ▲台军狂欢画面(来源：《联合报》) 台军机长的行径，以及蔡英文对台军乱象的沉默，引发岛内不满。有网友讽刺称，台军飞行员的行为就是“上梁不正下梁歪”;也有网友质疑“为何蔡英文身边的人接连出包”;更有网友对该机长喊话“载蔡英文的时候，请多喝一点”。 性侵、不雅视频疯传、KTV跳“脱衣舞”、酒驾……近期台军丑闻早已见怪不怪。 5月，台军146舰队一上校舰长涉及不正当男女关系，被解除职务调离现职;“汉光演习”前的“精神战力周”，台军“凤阳”号护卫舰一上校舰长酒后乱性，涉嫌性侵一名女军官;“基德舰”沦为“海上摩铁”(汽车旅馆)，男女官兵舰上不雅视频被疯传;6月，“大台军舰”海军官兵到有女陪侍的KTV玩乐，一名上士更是大跳“脱衣舞”。7月，审计部门质疑，台军人员酒驾隐瞒未报情形非常严重。','海外网','2019-09-04',0),(50,'金门飘扬起五星红旗！当地民众祈愿和平盼统一','海外网9月30日电 在新中国70周年华诞到来之际，大陆各大城市的街头巷尾都被鲜艳的五星红旗装点得喜气洋洋。人们纷纷用自己最真诚、最炽热的情感向祖国深情告白。与福建厦门只有一水之隔的金门也高高飘扬起五星红旗。金门居民王明宗表示，两岸都是中国人，金门民众祈愿两岸和平，盼望祖国早日统一。 据香港《大公报》30日报道，近日以来，在金门土生生长的王明宗和他的朋友一起做了一件事，那就是把五星红旗插在自己的车上，开车绕着金门走了一圈。王明宗表示，这样车开到哪，五星红旗就会出现在哪。他们还把70面五星红旗悬挂在遊客与民众比较多的乡镇，希望以此让更多的金门民众能分享到一样的喜悦。 王明宗在接受《大公报》记者采访时表示，金门人心里都有一段炮战阴霾，因此大家都渴望和平、珍惜和平，“我拿着五星红旗到处走的时候，很多人都在看。两岸一家亲，血浓于水。”说起这次的经历，王明宗称，“路上大多数人的反应都很热情积极，但也有个别人攻击我，我根本不需要理会他们。我就是要用这样的方式来表达我是中国人以及自己对和平的渴望。” 许丕肯也表示，金门本就是中国的一部分，“我们与大陆更亲”。许丕肯指出，在战火中长大的金门人，不希望再有战争，但是台湾一些别有用心的政治人物为一己私利、恶化两岸关系，煽动两岸对立，这是不对的。“两岸民众本来就是一家人，大家都是中国人，为什么要对立？金门老百姓希望两岸永远都能和和睦睦、和和平平。” 据此前报道，早在去年元旦时，金门知名老街“模范街”就曾插满五星红旗。一夜间，“模范街”成了金门旅游的打卡网红街。据悉，这一策划的发起人也是王明宗。 王明宗称，除了表达两岸和平、两岸一家亲外，也希望可以尽量给金门民众多谋福利，金门的发展很大部分靠观光，大多数都是大陆游客，看到五星红旗的时候他们会倍感亲切。陆客多了，两地交流就多，就能促进彼此互相了解和融合，当然也会给金门带来更多商机。 金门乡亲许先生说，“模范街”是金门地标之一，大陆游客看到五星红旗的时候既意外又惊喜，大家都会在这里停留、拍照、消费，对金门的观光产业发展很有好处，“金门人更希望两岸关系稳定和平，两岸唯有扩大交流才是正确的发展方向。” 金门民众洪先生说，最近大陆有两条大新闻，一是北京大兴国际机场启用，一是福建平潭的跨海大桥合龙贯通。大陆的发展蒸蒸日上，金门和厦门虽近在咫尺，但是经济发展却天差地别。他期待金厦大桥能尽快启动，让金门发挥两岸交流先锋的作用，通过金门促进两岸关系和平发展。 在采访最后，王明宗直言，当下两岸关系虽然处在紧张局势下，但不管怎么说，对普通老百姓而言，都应该好好珍惜两岸来之不易的和平，希望两岸未来的交流能更加密切，金门民众都盼着，两岸早日实现统一。（海外网 张莎莎）','海外网','2019-10-01',0),(51,'选举结束后，蔡英文需要面对的经济现实','蔡英文胜选连任后，台湾《中国时报》指出，选举结果虽然要尊重，但我们对台湾经济的未来感到无比忧心，庶民的未来将可能更艰辛。岛内懵懂的年轻人或许无心理解，也不在意经济，但他们终究要面对前途与生活的压力，我们还是必须提出警讯，尽可能让他们了解，也必须让蔡英文和民进党当局认清未来无法回避的横逆。 首先，国际经济结构的变化，让台湾经济受到严重侵蚀，台湾出口年均增长从10到15年前的10%剧降到2%。若两岸关系恶化，特别是在《区域全面经济伙伴关系协定》(RCEP)和《全面与进步跨太平洋伙伴关系协定》(CPTPP)生效后，台湾经济几乎可以确定会出现负增长。 除缺乏贸易协议造成众多产业出口受限，无力突破经济停滞的问题以外，台湾还面临少子化、老龄化、所得分配恶化、税收无力提高、社福支出攀升、劳健保亏损、创业失败率高、薪资待遇停滞、失业率居高不下、外来投资减少、能源供给青黄不接等诸多问题。 然而面对这些问题，一直以来，蔡当局的解决方案却多半是权宜性的短期方案，少见能长治久安的擘画。此番胜选，可能让蔡当局误以为之前的财经政策受到肯定，这有可能引起未来四年经济问题恶化，让台湾步入更险峻的状态，令人无法乐观。 “庶民经济”与庶民的生活是另一个难题。韩国瑜虽然落选，但他提出的政见仍值得蔡当局重视。台湾产业发展不均衡，制造业的中小企业和中低阶服务业竞争力不足，需要执政当局更多协助，以免造成社会问题。蔡当局若能采用其精华，可以展现胸襟并精进政策，有助于解决产业失衡和所得不均问题。 蔡当局如果继续一意孤行，不采取切实有效的举措，未来4年台湾经济必然是条下坡路，无论是个人还是蔡英文和民进党，都只能咬紧牙关、临渊履薄。(中国台湾网 张亚静)','网 中国台湾网','2020-01-19',0),(52,'台湾男子为了躲避服兵役 竟想出这样一“绝招”','海外网10月14日电 台湾一男子因想到法国读书陪伴女友，决定用增胖20公斤的方法，来躲避服兵役。最终如他所愿，该男子被顺利免除兵役。到底该不该用这种方式来躲避服兵役？该男子的做法，引来台湾网友热议。 据台媒14日报道，台湾一男子昨日（13日）在社交平台表示，他很想到法国读书陪伴女友，但为要服兵役而感到苦恼。该男子从2018年8月开始，决定增胖20公斤，从原本的76公斤暴增到97公斤，以此种方法来躲避服兵役。 该男子表示，他认定当时正在交往的法国籍女友是“真命天女”，女方曾为了他休学一年留在台湾，他很感动女友的付出，打算大学毕业后要到法国读书和工作，希望能和女友在一起，所以才出此“下策”。 日前该男子表示，自己已经得到免服兵役许可，不用服4个月的替代役。 到底该不该用这种方式来躲避服兵役？该男子的做法引来台湾网友热议。有网友表示支持该男子的做法，“当兵4个月？根本是去玩，浪费时间”、“凡事对得起自己，尽心尽力就好了。” 但也有网友质疑，“免役是给那种，真的有障碍的人用的，你这种好手好脚的在躲什么？” 其实，台湾青年拒服兵役的事情时有发生。据早前报道，2017年，一陈姓男子到宜兰金六结营区服4个月的军事训练役，不过，他入营才4天便不想当兵，为了提前退役，竟从营区2楼跳下，致使头部和手臂受伤。对此，陈男辩解称，他是为了尽快出社会去赚钱，才会选择以跳楼的方式来提前退伍。（海外网/张荣耀）','海外网','2019-10-15',0),(53,'捐1万个口罩却遭质疑囤货 汪小菲爆气轰周玉蔻','周玉蔻、汪小菲。（图片取自台媒） 中国台湾网1月31日讯 新型冠状病毒感染的肺炎疫情持续蔓延，民众纷纷买口罩自保，也造成口罩出现供不应求的情况。综合台湾媒体报道，艺人大S日前在日本狂扫1万个口罩寄往武汉，当时小S也出面力挺，大S老公汪小菲昨（30日）宣布，将手中的1万个口罩捐给饭店员工及台湾民众使用，但该举动引发台媒体人周玉蔻质疑，指买上万个口罩是否为囤积行为？对此，汪小菲立刻提出3点说明打脸，并痛批周玉蔻：“除了出一张厉齿獠牙，她为这个社会做什么了？” 汪小菲昨天中午在微博表示，在朋友的帮助下买了1万个医用口罩，但因无法寄出，加上台湾民众也有需求，所以将5000个口罩放在S Hotel供员工及顾客使用，另外5000个则是给附近的里长，拜托他们转交给有需要的民众，他强调“远亲近邻都是一家人，台北也是我半个家，做点力所能及的事”。 面对汪小菲捐赠口罩的举动，周玉蔻在脸谱网（Facebook）发文酸称，在台湾口罩限购的状况下，他一口气拿到1万个口罩，貌似有些奇怪，质疑有囤积嫌疑，“大S的先生送1万个口罩，合法吗？是不是囤积来的？别人只能买3个，他们1万个怎么来的？” 对此，汪小菲出面提出3点回应。第一点，他提前10天就订了，那时根本没人买，产量充足，而且他们有酒店，有员工和很多客人，今天口罩才到就发出去了，何来囤积之说？第二点，他本来订的口罩，都是给员工和客人用，现在不需要那么多了，捐给左邻右舍有问题吗？第三点，囤积的意思是买来放着，然后发财，他们当天就都捐出去了。以此驳斥外界所谓囤积口罩之说。 汪小菲并批评周玉蔻：“这种人（指周玉蔻）在这个时候说这种风凉话，只是给大家的善心泼凉水，给这个社会增加负能量，除了出一张厉齿獠牙，她为这个社会做什么了？”（中国台湾网 李宁）','中国台湾网','2020-01-31',0),(54,'空军8架“大运”抵达武汉 运送795名医疗队员和58吨物资','据央视军事报道，2日，空军出动8架大型运输机，从沈阳、兰州、南京、广州四地出发，空运医疗队队员和医疗物资飞赴武汉。8架飞机依次降落在武汉天河机场，第一时间将医务人员和医疗物资送到最需要的地方！ 另据“空军发布”官方微信报道，按照中央军委命令，空军2月2日凌晨出动8架大型运输机，分别从沈阳、兰州、广州、南京起飞，向武汉紧急空运795名军队支援湖北医疗队队员和58吨物资，上午9时30分全部抵达武汉天河机场。这是继汶川、玉树抗震救灾之后，空军参与非战争军事行动同时出动大型运输机数量最多的一次。 2日凌晨1时30分，中部战区空军航空兵某师8架大型运输机，先后从某军用机场冒雨起飞，凌晨4时开始分别抵达沈阳桃仙机场、兰州中川机场、广州白云机场、南京禄口机场。在上述四地完成医疗人员和物资装载之后，8架大型运输机再次升空飞赴武汉。上午8时55分开始，8架大型运输机每间隔5分钟依次降落在武汉天河机场。 疫情就是命令，空军勇往直前。连日来，空军坚决贯彻习主席重要指示，闻令而动，勇挑重担，当好疫情防控的先锋队突击队，全力打赢疫情防控阻击战。执行这次紧急任务的空军航空兵某师，先后出色完成汶川、玉树抗震救灾和抗击冰雪雨冻灾害等任务，并在除夕之夜紧急空运3支军队医疗队驰援武汉，具有丰富的遂行非战争军事行动经验。作为先行驰援武汉的3支军队医疗队之一，空军军医大学所属西京医院、唐都医院、986医院的医务人员，均具有丰富的防控治疗传染性疾病经验，在此次疫情防控中发挥重要作用。 带队执行任务的空军航空兵某师副师长王全胜介绍，该师受领任务后，全体官兵全力投入到紧急空运任务中来，争分夺秒制定紧急输送预案，精心挑选机组人员进行科学编组，详细规划飞行航线、判明航线天气，确保飞机和机组均以最好的状态投入到空运任务中。为尽快将医疗队员和物资运抵武汉，在完成飞行前各项准备后，8架大型运输机在后半夜起飞，机组人员发扬不怕疲劳、连续作战的优良作风，克服航路中的雨雪等不利因素，将医疗队员和物资安全送抵目的地。','环球网','2020-02-02',0),(55,'亚马逊Q4营收874亿美元同比增21% 净利33亿美元','1月31日消息，据外媒报道，美国当地时间周四，亚马逊（纳斯达克股票代码：AMZN)公布了截至2019年12月31日的第四季度财报。财报显示，亚马逊第四季度营收为874亿美元，与去年同期相比增长21%；营业利润增至39亿美元，净利润增至33亿美元，每股稀释后收益6.47美元，均超过分析师预期。财报发布后，亚马逊股价暴增逾10%。 以下为亚马逊2019年第四季度及全年财报亮点： ——亚马逊2019年第四季度营收为874亿美元，与去年同期的724亿美元相比增长21%，市场预估为860亿美元； ——亚马逊2019年第四季度营业利润增至39亿美元，而2018年第四季度的营业利润为38亿美元； ——亚马逊2019年第四季度净利润增至33亿美元，与2018年第四季度的30亿美元相比增长8%。每股稀释后收益6.47美元，远高于市场预期的4.03美元； ——在截至2019年12月31日的过去12个月里，亚马逊运营现金流增长了25%，达到385亿美元，而此前为307亿美元。自由现金流增至258亿美元，此前为194亿美元； ——截至2019年12月31日，亚马逊普通股流通股加基础股票奖励总额为5.12亿股，而一年前为5.07亿股； ——亚马逊2019年全年营收达到2805亿美元，与2018年的2329亿美元相比增长20%； ——亚马逊2019年全年营业利润增至145亿美元，而2018年为124亿美元。净利润增至116亿美元，或每股稀释后收益23.01美元，而2018年净利润为101亿美元，每股稀释后收益20.14美元； 亚马逊第四季度营收增长21%，表明该公司在更快运输方面的投资正在带来更多的采购。上个季度，亚马逊声称客户在假日季的购物达到了创纪录水平，并表示在此期间，当日达送货量翻了两番。 亚马逊还给出2020年第一季度乐观的业绩展望，称目前预计营收将在690亿至730亿美元之间，与2019年第一季度相比增长16%到22%；营业利润预计在30亿至42亿美元之间，而去年同期为44亿美元。亚马逊首席财务官布莱恩·奥尔萨夫斯基（Brian Olsavsky）表示，这份业绩展望可能会受到重大不确定性因素的影响，例如汇率波动、全球经济状况和客户支出的变化、世界性事件、互联网、在线商务和云服务的增长率等。 正如预期的那样，亚马逊的全球运输成本在第四季度大幅增长，同比增长43%，达到129亿美元。该公司在去年10月份的财报中表示，将在假日购物季花费15亿美元以扩大当日达递送服务。 尽管亚马逊的投资不断增加，但该公司的净收入在本季度出现反弹。其净利润同比增长8%，至33亿美元，超过分析师预期的20亿美元。亚马逊的净利润在第三季度下滑了26%，原因是当日达递送服务成本增加。 亚马逊的订阅服务收入在过去几个季度稳步攀升。包括Prime会员费在内的订阅服务收入，以及Music Unlimited和Prime Video频道，本季度的收入为52.4亿美元，同比增长32%。在财报发布中，亚马逊表示，Music Unlimited订户在2019年增长了50%以上。 除零售业务外，亚马逊的云计算业务AWS报告收入为99.5亿美元，较上年同期增长34%。这超过了分析师预期的98.1亿美元，但与第三季度相比仍略有减速，当时AWS营收增长了35%。AWS的营业利润为26亿美元，同比增长19%，高于分析师24.5亿美元的普遍预期。 亚马逊的“其他”类别，主要由其广告业务组成，在本季度创造了48亿美元收入，比去年同期增长了41%。亚马逊的实体店销售额主要由全食超市(Whole Foods)组成，其收入同比下降1%，至43.6亿美元。 亚马逊创始人兼首席执行官杰夫·贝索斯(Jeff Bezos)说：“Prime会员项目继续年复一年地为客户提供更好的服务。客户也在做出响应，比如本季度加入Prime的人数比以往任何时候都多，我们目前在世界各地拥有超过1.5亿付费Prime会员。我们提高了Prime的送货速度，与去年相比，本季度通过Prime免费当日达递送服务的商品数量增加了四倍多。会员现在可以在美国2000多个城镇的亚马逊生鲜和全食市场享受免费的两小时达递送服务。Prime会员本季度在Prime Video上观看原创电影和电视节目的时长比去年翻了一番，亚马逊原创节目在重大评奖中获得了创纪录的88项提名和26项胜利。非常感谢亚马逊各地的团队，感谢他们在这个假日购物季为客户建造、创新和交付所作出的努力。” 美国当地时间周四，亚马逊股价报收于每股1870.68美元，上涨0.68%。但在财报发布后，受业绩超过市场预期刺激，该股盘后大涨逾10%。',' 网易科技','2020-01-31',0),(57,'重新设计的苹果地图应用已推广到美国市场','苹果今天确认，其重新设计的Maps应用现在可用于美国各地的所有用户，本次升级可提供更好的道路覆盖范围，更准确的行人数据，更精确的地址以及道路、公园、建筑物、机场等的更详细视图。 苹果从12月下旬开始测试将新的Maps应用扩展到美国东南部和中部，这是获得该Maps应用的最后两个地区，直到今天才完成全部部署。 苹果公司互联网软件和服务部副总裁埃迪·库伊（Eddy Cue）在宣布新版Maps应用程序已完全启动的文章中说，苹果公司“投入巨资”打造了世界上“最佳和最私人”的地图应用程序。 “我们着手创建最好和最私人的地图应用程序，以帮助人们探索世界。我们几乎从头开始重建地图应用，以重新构想如何改善了人们的生活-从导航到工作，上学或计划重要的假期-一切都以隐私为核心。新加入的诸如Look Around和Collections之类的新功能是实现这一目标的重要步骤。我们期待从今年下半年开始，将这一新地图带到世界其他地区。” 苹果还着重强调了iOS 13中添加的Maps功能，例如街道级“环顾四周”视图，该视图可在纽约市，旧金山湾区，洛杉矶，拉斯维加斯，休斯顿和瓦胡岛，以及收藏集，用于创建收藏的地点列表。 “收藏夹”是另一个新功能，使用户可以保存经常访问的地方的路线，而其他主要地图功能包括“共享ETA”，航班状态信息，购物中心和机场的室内地图，Siri自然语言指南等，苹果地图还会提供旧金山，纽约和洛杉矶等城市的实时公交信息。 苹果还分享了Maps应用程序内置的隐私功能的详细信息。 Maps收集的数据与不断重置的随机标识符相关联，苹果服务器通过将搜索所源自的精确位置转换为不太精确的位置来“模糊”位置搜索。 随着在美国完成新地图的推出，苹果计划在“未来几个月内”将重新设计的产品带到欧洲。','ta.COM cnBeta.COM','2020-01-31',0),(58,'卢伟冰谈屏下摄像头技术：离达到量产效果还有距离','IT之家1月29日消息 关于屏下摄像头，本月初沈义人在预热OPPO Find X 2时曾表示要考虑大规模量产性，所以极大概率不会搭载屏下摄像头。现在，卢伟冰也公开谈到了屏下摄像头技术，他表示以目前的技术能力，无法找到兼顾显示效果和相机效果的有效方案，离达到量产效果还有距离。 卢伟冰表示，屏下摄像头技术（CUP: Camera under Panel）在手机上的应用，可在不牺牲空间的情况下从而达到真正全面屏的效果，但目前的技术实现还有很多困难。简单来说，就是屏幕的PPI和透过率的矛盾。 目前的屏幕PPI大约在400左右，而PPI在这个水平，相机中光的透过率是很低的，这样就严重影响了拍照效果。如果把PPI降低，提高透过率，就会出现显示区域的PPI和整个屏幕的PPI差距很大，从而出现显示区域有色块等现象。 所以，以目前的技术能力，无法找到兼顾显示效果和相机效果的有效方案。虽然小米在2019年就发布了基于CUP的技术DEMO，但离达到量产效果还是有距离。 不久前，旷视联合中国信息通信研究院泰尔终端实验室共同发布了《2019智能手机影像技术应用观察及趋势分析》白皮书。白皮书认为，随着人工智能技术在智能手机拍照领域的成熟运用，影像技术已经成为影响手机销量的重要指标之一。白皮书预测，2020年智能手机影像应用领域的变革将主要集中在AI算法芯片化加速产品落地、指纹识别芯片的借势再起、ToF镜头将大幅增加、摄像头及传感器将持续创新、屏下摄像头2020年或将商用 、潜望式摄像头将成为中低端手机的标配等几个方面。',' IT之家','2020-01-30',0),(59,'你什么时候能用到屏内摄像头？','全面屏技术的发展，让手机屏占比向着极致化方向迈进，市面上超过90%屏占比的手机比比皆是。屏占比越高，视觉观感就越震撼，但要想达到满眼全是屏幕的效果，首要解决的问题就是前置摄像头的“隐藏”。继刘海屏、水滴屏之后，为了进一步提升手机正面的屏占比，vivo NEX率先采用升降式前置摄像头，随后越来越多的厂商跟进，发展到现在“挖孔屏”成为主流。 但消费者的需求是苛刻的，只有做到如屏幕指纹技术一样，将前置摄像头真正“藏”起来，屏下摄像头才是终极解决方案。 如今屏下摄像头技术发展情况如何？需要解决的难题又在哪里？消费者什么时候才能用得上？我们一起来看下吧。 前置摄像头的处理令厂商“头秃” 2016年，全面屏的概念出现之后，手机的形态发生了翻天覆地的变化。后来苹果强大的带动能力，一时间“异形屏”设计成为潮流，随后安卓手机厂商也不甘示弱，先后推出“水滴屏”“美人尖”等等，设计方案也更加丰富多彩。 水滴屏和异形屏 接下来，随着上游供应链的技术累积，很多激进的手机厂商像vivo、OPPO、荣耀和小米等开始另辟蹊径，推出了机械结构的“升降式”摄像头手机。 OPPO Find X 机械结构的升降式摄像头，解决了手机屏幕“完整性”问题，整体的视觉观感更加统一。但是，机械结构设计也不是完美的，带来了成本高、使用寿命和容易积灰的问题，还会牺牲寸土寸金的手机内部空间，同时机身重量增加，让握持手感不佳。 OPPO Reno3 Pro采用前置挖孔屏设计 有了矛盾就要解决，“挖孔屏”设计让前置摄像头可以摆放在屏幕顶部的任何位置上，而且只要控制好孔径大小，就会符合大部分用户的审美。同时不必再担心前置摄像头的成像素质，机身重量也更好控制。 有趣的系统壁纸去适配挖孔屏 这方面像三星Galaxy S10和Note10系列、OPPO Reno3 Pro等等，可以说做得不错，兼顾了机身重量和拍照素质。当然，挖孔屏带来的遮挡和图标显示问题，系统和APP对于挖孔的适配优化很重要，美不美观最终还要看消费者怎么说。 市场需求决定，手机最终还是向高度一体化发展的，技术发展将前置摄像头真正隐藏在屏幕之下，那么它就是最佳方案。 我觉得OK——需要时正常工作 不用时“乖乖消失” 2019年6月3日，OPPO副总裁沈义人在微博上展示了屏下摄像头技术。6月26日，在MWC 2019上海大会上，OPPO正式发布了“透视全景屏”，并公布了其操作演示和自拍样张。 OPPO屏下摄像头技术 从演示效果来看，OPPO的屏下摄像头技术完成度已经很高了，前置镜头不使用时完美隐藏，只有在自拍时才会显示出来。 用“暗中观察”形容屏下摄像头再合适不过 屏下摄像头利用了OLED屏幕自发光特性，同时从技术层面来说，OLED屏幕是完全可以做成透明的。所以在前置摄像头区域，是一块小的透明屏幕。 与OPPO类似，6月3日小米林斌也在微博上展示了小米的屏下摄像头样机的演示视频，小米称这项技术为“隐视屏”，同时小米还强调，隐视屏是小米具有自主知识产权的创新技术。并做了屏下摄像头科普。 其原理就是利用了定制阳极材料的AMOLED面板，这种阳极材料有着更高的透光率，能让外部光线透过屏幕和这部分AMOLED面板区域直达摄像头内部的传感器，从而提升成像素质。不使用摄像头时，这块“透明屏”可以正常显示屏幕内容，和整个AMOLED屏幕浑然一体，不会显得突兀。 隐视屏与水滴屏比较（图片来源小米官微） 当然，除OPPO和小米之外，还有很多手机厂商和供应链合作，推进自家屏下摄像头技术的发展。2018年11月，vivo就申请了相关专利，其原理是使用两种不同的材质打造一块屏幕，在屏下摄像头区域采用透光率更高、结构更薄的PMOLED屏幕 ，其它部分则使用正常的AMOLED屏幕。 vivo专利截图 两种不同的材质打造一块屏幕 新材料在手机屏幕领域的应用是实现屏下摄像头的强大助推器，与vivo的专利方案类似，魅族申请的相关专利是在前置摄像头上方区域使用石墨烯屏， 石墨烯屏也拥有高透明特性，可以保证屏下摄像头的成像质量。 总之，为抢占先机，很多手机厂商都在攻克屏下摄像头技术，这里不再一一举例。当然，屏下摄像头很多的功劳都离不开上游供应链的技术创新。那么问题来了，屏下摄像头普及的难点在哪呢？ 屏下摄像头技术到底难在哪？从0到1的突破 屏下摄像头不仅仅是将摄像头藏起来那么简单，量产难度高的还是因为它要回归拍照的本质——即成像素质不能倒退。现在屏下摄像头技术远不够成熟，所以手机厂商大多是以工程机展示为主，即便工程机是从0到1的突破，也足以引起巨大的轰动。 举个例子，早在2018年6月，OPPO就申请了屏下摄像头的相关专利，其中包括“电子设备、图像处理方法和装置”的发明专利。其利用OLED屏每个像素点都是可以自发光的特性，不需要背光，因此可以做得非常的纤薄。 结构上，OLED屏是由一层薄而透明具半导体特性的铟锡氧化物（ITO），与电极的阳极相连，再加上另一个金属阴极，如三明治结构一般。而且早在2015年，三星就曾展示了一款55英寸的透明OLED电视。 这款电视产品的整个屏幕几乎像玻璃一样透明，而且可以还可以正常显示内容。所以，从技术层面讲，OLED屏幕完全可以做成透明的。但尽管如此，对前置摄像头传感器来说透光率 还是太低，因为拍照对光线的要求是非常高的。 OPPO对屏下摄像头成像的多算法优化 因此，OPPO分别在高透光率屏幕、传感器和AI算法三个方面做优化。OPPP称一般情况下，透过屏幕的光线都会有所损失。屏下摄像头实际接收到的光线不到正常情况的一半，导致照片容易偏色、起雾。 对此，OPPO通过白平衡、HDR、AI去雾多算法优化，保证成像质量，从实际的样张对比看，效果还是很明显的。虽然和当前的市面上机型比较成像画质还有差距，但至少可以肯定，国内厂商的的确确做到了“屏下摄像头”。 写在最后 现阶段屏下摄像头技术还很难实现规模量产，因为手机市场要考虑消费需求和成本控制，屏下摄像头成像如果以牺牲成像质量为代价，显然这种“新鲜感”是无法打动用户的，特别是对自拍需求较高的女性消费者。 另一方面，在技术没有绝对成熟之前，出于成本控制，供应链和手机厂商都不会盲目去试水，因为噱头总会变成泡沫，影响到用户体验就更得不偿失了。 但我们不用悲观，手机圈超级快充技术的普及，大约用了2年时间；2018年1月，vivo X20系列首发屏下指纹识别技术，发展到2019年很多千元机都已经常见了；相信在供应链技术创新和手机厂商的研发努力下，屏下摄像头技术会很快克服成像效果、成本和产能的一系列问题，最终让消费者使用上。当然，最让人欣慰的是，国产手机厂商在这项技术方面走在了很多国际大厂前面。','中关村在线','2020-01-27',0),(60,'专利曝光了2020款三星Odyssey混合现实头显的设计','虚拟显示（VR）和增强现实（AR）技术已经历了多年的发展，韩国电子巨头三星亦于 2017 年 10 月发布了可单独使用的 Odyssey 混合现实（MR）头戴式装置，并在一年后推出了升级后的 Odyssey+ 型号。 近日，荷兰科技博客 LetsGoDigital 曝光了三星 2020 款混合现实头戴式装置的新专利。 或许是受到了市场低迷的影响，三星并未在 2019 年推出任何 AR / VR 头戴式装置新品。不过今年，该公司或推出一款基于 PC 的Windows混合现实头显。 2019 年初，三星向中国提交了新款 Odyssey 头戴式装置的专利申请，并于 2020 年 1 月 17 日获得了国家知识产权局（CNIPA）的批准。 文档中包含了 8 个专利插图和彩色产品照片，从各个角度展示了混合现实头戴式装置。 新设备沿用了旧款 Odyssey 头显的设计风格，但细节上有较大的不同，比如看起来很扎实的顶部头带和集成的耳机。 新款头显提供了多点固定式头带，显然能够提升游戏玩家在使用时的稳固性。需要指出的是，新设计取消了可调节松紧的转轮，换成了可在侧面塞入 / 拉出的机制。 设备正前方使用了向侧边部分延伸的格栅材料，与现款 Odyssey 头显所采用的直式设计大不相同，或许能够带来更大的视角。 由顶部和头带背部的徽标可知，新款头显仍属于 Odyssey 产品线，设备底部有两个可见的音量调节按键，但没有见到 IPD 拨轮。 与配备了双前置摄像头、可定位眼镜和手柄的 Odyssey + 相比，专利中的新设备似乎内置了四个摄像头传感器，或有助于实现更精确的追踪。 目前 Odyssey + 在三星美国官网上的售价为 500 美元，但折扣也高达 54%，意味着 230 美元即可入手。预计新款头显上市后，也会采用类似的定价策略。','ta.COM cnBeta.COM','2020-01-27',0),(61,'不止于MIX Alpha 小米全新折叠屏专利进一步曝光','1月18日消息 据外媒报道，小米已经向美国专利商标局（USPTO）申请了一项新专利，该专利所指向的折叠屏产品和此前发布的Motorola Razr（2019）翻盖式可折叠手机思路较为接近。 据悉，该专利于2018年7月提交，这与外媒在2019年所发现的两项折叠屏专利之一的内容相一致。 综合此前报道，小米曾向知识产权局提交了2种不同样式的折叠屏专利： 其中一项专利为类似于华为Mate X的外翻折叠屏专利，专利图显示其摄像头采用了升降式五摄设计，随着屏幕的向外翻折，这5颗摄像头在两侧屏幕的上方均可正常使用，既可用作前置，也可充当后置。得以如此，其屏占比接近100%。可以理解为MIX Alpha的终极版本。 第二项专利为Moto Razr式的翻盖折叠式设计，小米的专利没有Razr硕大的下巴，不过顶部因为听筒摄像头传感器预留了边框。机身背部分为上下2部分，上半部分有一个长方形开口的副屏，方便折叠时查看通知，下半部分为后置双摄。 这一次的报道曝光了第二项专利的更多细节：专利图中的小米可折叠手机配备有一个旋转轴，转轴被用于连接两块显示屏。同时在屏幕的边缘设有磁铁。 当然作为专利，其可能应用于产品设计，也可能不会。','快科技','2020-01-18',0),(62,'基地遭伊朗导弹打击后 美国考虑在伊拉克部署“爱国者”','【环球网军事报道】俄罗斯卫星通讯社1月30日报道，美国国防部长埃斯珀对媒体表示，前不久，美军驻伊拉克基地遭到伊朗导弹袭击，美方目前正在与伊拉克研究在该国部署“爱国者”防空导弹系统问题。 美国参谋长联席会议主席上将马克·米利上将则称：“我方正在与伊拉克政府研究这一问题。” 美国1月3日在巴格达针对伊斯兰革命卫队“圣城旅”特种部队指挥官苏莱曼尼展开暗杀行动。此后，伊朗使用导弹对美军驻伊拉克基地展开报复性打击，导致美军基地严重受损，多名士兵受伤。目前美军尚未在伊拉克部署“爱国者”或“萨德”等反导拦截系统，面对弹道导弹打击时仅能依靠陆基“密集阵”等近防系统进行拦截，但效果相当有限。','环球网','2020-01-31',0),(63,'美海军列装新一代战术核武器 专家：不理智的核讹诈','【环球时报报道 特约记者 龙逸飞李子红 柳玉鹏】美国新一代战术核武器悄无声息中已经在美国海军中正式服役。据美国海军技术网1月30日报道，这种代号W76-2的低当量核弹头已部署到“俄亥俄”级战略核潜艇上，未来可用于威慑或战术核打击。俄媒直言，“美国开始利用新型战术核武器威胁俄罗斯。” 新核弹已列装 最早披露W76-2核弹头列装情况的是美国科学家联盟网站。该智库发布的评估报告称，美国海军“田纳西”号战略核潜艇在2019年底赴格鲁吉亚海域战略巡航时，携带有“一款新式武器”，即传说中的新型W76-2低当量核弹头。 在美国2018年2月发布的《核态势评估报告》中，特朗普政府提出发展低当量战术核武器的需求，并宣布生产W76-2的计划，它将主要用于替换现役“俄亥俄”级核潜艇搭载的“三叉戟II”潜射导弹的W76-1核弹头。从2019年2月开始，首批W76-2核弹头在得克萨斯州的潘太克斯工厂投入生产，首批约50枚。当年11月，美国能源部证实，这批核弹头已生产完毕，并移交给美国海军。报道认为，“田纳西”号携带的W76-2就属于首批新型核弹头。 在接受英国《卫报》采访时，美国科学家联盟核武器信息项目主任汉斯·克里斯滕森表示，美国政府官员已经证实此事，并同意在一定范围内公开W76-2核弹头的部署情况，以此传递美国新战术核武器的威慑信息。五角大楼则拒绝就该报告发表正式评论，“美国的政策是，既不确认也不否认在任何一般或特定地点存在或不存在核武器。” “威力减小却可震慑对手” 美国海军技术网称，从表面上看，W76-2与现役核潜艇上的核弹头没有什么区别，但威力和设计却完全不同。现役W76-1核弹头爆炸威力达10万吨TNT当量，属于战略级核弹头；而W76-2核弹头不仅重量比较轻，而且爆炸当量仅相当于5000吨TNT，只有美国二战时投放在日本的核弹威力的1/3。 美国国家公共广播电台称，首枚W76-2核弹头随同战略核潜艇参加巡航，目前正在大西洋海底巡弋，预计将在今年2月返航。第二艘携带该武器的美国核潜艇也可能到太平洋巡逻，这些信息本身带有浓厚的威慑意味。 W76-2核弹头的列装，标志着美国核武器使用门槛进一步降低。克里斯滕森认为，“W76-2核弹头的列装，是对美国现役核弹头的降维调整，意味着美国核武器政策出现了一个非常剧烈的思维转变。” 按照美国政府官员的说法，W76-2核弹头的列装，既是为威慑俄罗斯，同时也对伊朗、朝鲜等国具有明显的影响。这意味着在一定的条件下，美国不排除对伊朗或朝鲜使用这种低当量核武器。 恐引发核军备竞赛 “美国开始利用潜射战术核武器威胁俄罗斯。”俄罗斯塔斯社1月31日称，低当量的W76-2弹头给了美国一件更容易使用，也更有效实现威慑的武器。实际上，使用低当量核弹头和战略核弹头本质上并没有区别，对俄罗斯实施核打击的结果将是无法想象的。 俄罗斯《共青团真理报》称，俄军事分析家维克多·巴拉涅茨认为，美国人认为这种核武器更“人道”，对他国实施核打击时造成的破坏不会像战略核武器那样大。但美国很清楚，俄罗斯有能力对美国的这种打击进行报复性回击，俄罗斯拥有类似的战术核武器。 俄罗斯军事专家列昂尼德·涅尔西相表示，美国发射战术核弹头时，俄军导弹预警系统将无法区分是战术核弹头，还是战略核弹头。因此美国这种冒险行动的结果，可能造成俄军对美境内战略核武器进行大规模的报复性反击。 一位匿名核专家告诉《环球时报》，“低当量核武器更具威慑力”的观点是伪命题，它改变不了核武器的巨大破坏力和危险性。20世纪50年代初，美国就开始发展核炮弹、核地雷、近程核导弹、核火箭、核炸弹等，但这些战术核武器并未给美国带来安全，因为苏联也紧跟其后发展了大量战术核武器。今天的美国重拾低当量核武器，其实质是一种不理智的核讹诈、核威慑行为，极有可能引发新一轮核军备竞赛。▲',' 环球时报','2020-02-01',0),(64,'美军濒海战斗舰擅闯南沙群岛画面曝光 解放军予以警告驱离','【环球网军事报道】美国太平洋舰队官方1月29日在社交媒体上发布照片，公布了美国海军“蒙哥马利”号濒海战斗舰1月25日在中国南沙群岛附近海域航行的画面。从美军发布的信息称，“蒙哥马利”号在我南沙群岛永暑礁、赤瓜礁附近海域航行。 据《日本时报》网站1月28日报道，美国海军濒海战斗舰“蒙哥马利”号于1月25日在中国南海南沙群岛附近海域航行。报道称，这是美国海军在2020年的首次“自由航行”行动。 根据的美国海军第七舰队发言人乔·基利中校的说法，美国海军濒海战斗舰“蒙哥马利”号“在南沙群岛主张了航行的权利和自由，这样的做法符合国际法”。这位发言人说，美国“坚持将航行自由作为一项原则”，这些任务是“和平进行的，不偏袒任何国家、也不针对任务国家”。他还说：“在南海的航行自由行动是美军在该地区日常行动的一部分”。 另据日本NHK电视台1月28日报道，乔·基利中校还表示：“美国将在国际法允许的任何地方飞行、航行和执行任务。”美国军方透露，上一次实施此类行动是在去年的11月。 据悉，蒙哥马利”号属于美国海军独立级濒海战斗舰，是美国舰载的自由级和独立级两款濒海战斗舰中的一款，该舰也是最新派遣到印太地区执行部署任务的濒海战斗舰之一。独立级濒海战斗舰采用独特的三体舰船船型设计，其特点是航速快、隐蔽性强，能够在浅水海域执行巡逻、布雷、反舰、反潜等多种任务。 南部战区新闻发言人李华敏大校表示，1月25日，美国海军“蒙哥马利”号濒海战斗舰擅自进入中国南沙岛礁邻近海域。中国人民解放军南部战区组织有关海空兵力，全程对美舰跟踪监控、查证识别，并予以警告驱离。美舰在中国传统新春佳节期间蓄意挑衅，居心叵测，是赤裸裸的航行霸权行径。中国对南海诸岛及其附近海域拥有无可争辩的主权，无论美方如何处心积虑变化花样、挑衅滋事，都是徒劳无益的。战区部队将时刻保持高度戒备，采取一切必要措施，坚决履行职责使命，坚决捍卫国家主权安全，坚决维护南海地区和平稳定。 去年11月，近日美海军“吉福兹”号濒海战斗舰、“迈耶”号导弹驱逐舰连续闯入我美济礁邻近海域和西沙群岛领海。国防部新闻发言人任国强大校对此回应称，事实一再证明，美方是国际法和国际规则的破坏者，是南海和平稳定的搅局者，是双方一线官兵生命安全的危害者，是中美两国两军关系的麻烦制造者。中国军队将一如既往，采取一切必要措施，捍卫国家主权安全，捍卫南海和平稳定。 南部战区新闻发言人李华敏大校此前也对美军舰机在南海的“航行自由”行为作出回应称，近来，美方打着“航行自由”旗号，频繁派舰机到南海地区滋扰生事，我们敦促其停止此类挑衅冒险行径，以免发生不测事件。中国对南海诸岛及其附近海域拥有无可争辩的主权，无论美方舰机变什么花样、耍什么诡计，中国军队都有决心有能力捍卫国家主权安全，维护南海地区和平稳定。','环球网','2020-01-29',0),(65,'日本自卫队与美军举行联合演练 4100人参加创历史之最','【环球网军事报道】据共同社1月26日报道，日本陆上自卫队与美国海军陆战队26日在惠庭市的陆自南惠庭基地举行了日美联合训练的启动仪式。报道称，本次训练将有共计约4100人参加，为日本国内联合训练史上最多的一次，27日演练开始后将投入使用隶属美军普天间机场（冲绳县宜野湾市）的MV-22“鱼鹰”运输机。 共同社称，本次训练是旨在减轻冲绳县负担的训练转移的一环，联合训练预计在位于别海町等地的矢臼别演习场及位于惠庭市等地的北海道大演习场进行。1月22日至26日实施为适应雪地的滑雪训练等，27日起将在降雪和积雪环境下开展人员输送及射击训练。在北海道使用“鱼鹰”进行训练是继2017年8月联合训练以来的第2次。 启动仪式上，统率训练的陆自陆将补（相当于陆军少将）小濑干雄与美国海军陆战队上校杰森·佩里在日美两国共约600名队员面前训话称“希望通过训练建立羁绊”等。佩里在仪式后的记者会上就“鱼鹰”表示：“飞行员接受过彻底训练。将采取一切对策确保安全性。”','环球网','2020-01-27',0),(68,'研究人员发现一种基因工程玉米在寒冷气候下生长更好','玉米是世界上最常见的农作物之一，但由于它不能很好地忍受寒冷，因此在地球北部地区种植玉米仍然具有挑战性。但是，随着科学家们研发出更加优秀的品种，这种情况可能会改变。 在戴维·斯特恩（David Stern）教授的带领下，纽约州博伊斯·汤普森研究所的研究人员首先研究了一种天然存在的酶，称为RuBisCO。先前的研究已经表明，当植物中这种物质的含量增加时，这些植物就会长大并更快地成熟。 考虑到这一点，斯特恩的团队创造了各种玉米，这些玉米产生的酶量高于正常水平。在实验中，这些转基因植物与普通玉米一起在25ºC（77ºF）的温度下生长了三周，然后将温度降低到14ºC（57ºF）了两周，然后又升高到25度。 这样做是为了模拟春季播种玉米作物时发生的寒冷，然后使之遭受寒冷天气。通常，发生这种情况时，植物的生长速度会大 大降低，到温度恢复的时候，成熟度可能会受到影响，收成工作可能会推迟甚至导致减产。 但是，富含RuBisCO的玉米却并非如此。与对照植物相比，在整个实验中它表现出更高的光合作用速率。降温后，经过改造的植物恢复得更快了，这是由于它们对进行光合作用过程的分子的损害较小。结果，新品种比对照植物长得更高，并且更快地产生了成熟的玉米穗。 科学家们现在正在努力使工程玉米变得更加强大以适应多变的气候。 斯特恩说：“我们开发的玉米尚未完全优化其耐寒性，因此我们正在计划下一代的改良。” “例如，将一种耐低温的PPDK蛋白添加到玉米中，看看其性能是否更好，将非常有趣。” 最近在《植物生物技术杂志》上发表了有关该研究的论文。','ta.COM cnBeta.COM','2020-01-31',0),(69,'DKIST望远镜拍摄太阳表面超特写图像 提供前所未有的细节','据外媒CNET报道，美国国家科学基金会的丹尼尔·井上太阳望远镜（DKIST）近日拍摄了有史以来最高分辨率的太阳表面图像，提供前所未有的细节。 该望远镜位于夏威夷毛伊岛最高峰——海勒卡拉（海拔约3048米）。在这张图像中首次可以看到直径小至18英里的特征。太阳的搅动等离子体类似于细胞状地层，每个都约等于美国德克萨斯州的大小。利用DKIST太阳望远镜，科学家可以观察的太阳特征的大小比现在任何可见的物体小三分之一。 这种特写镜头只是新望远镜观测百万度等离子体“搅拌球”的开始。美国国家科学基金会表示，预计DKIST太阳望远镜将收集有关太阳日冕行为的更多信息。 太阳由于核聚变每秒损耗的氢燃料大约为500万吨，使我们在地球上的生活成为可能。凭借其 4-meter f/2 光圈（是任何太阳望远镜中最大的光圈），该望远镜有望能够绘制太阳日冕内的磁场，并帮助科学家更好地了解这些变化如何影响地球上的生命。 拍摄于2019年12月10日的首张照片标志着DKIST太阳望远镜工作的非正式开始，该望远镜在技术上仍在建设中。当它正式开始运作时，这个13英尺镜面望远镜将成为世界上功能最强大的太阳望远镜。最新的太阳成像技术在2020年7月才能正式上线。','ta.COM cnBeta.COM','2020-01-31',0),(70,'[图]运行16年 NASA今天正式关闭斯皮策太空望远镜','今天，美国宇航局宣布正式关闭已运行16年的斯皮策太空望远镜。 该大型红外望远镜于2003年发射，最初计划执行至少2.5年的主要任务，但最终运行时间已远远超出其设计寿命。与以光学观测为主的哈勃望远镜不同，斯皮策可以探测到天体发出的红外辐射，灵敏度极高，对于观测遥远的恒星、了解宇宙中星系演化、银河系结构、太阳系组成等作出了重要贡献。 斯皮策是美国宇航局用来研究各种天体的四大天文台之一。这架太空望远镜于2003年8月25日发射升空，自发射升空以来一直在红外线下研究宇宙。斯皮策被用来对系外行星大气进行一些最早期的研究。它还被用来确认两颗系外行星，并发现了特拉皮斯特一号周围七颗地球大小系外行星中的五颗。 斯皮策太空行动由科罗拉多州利特尔顿的洛克希德马丁太空公司负责进行。JPL负责管理斯皮策在华盛顿的任务。科学运作由帕萨迪纳加州理工学院斯皮策科学中心管理。数据存档在加州理工学院IPAC的红外科学档案馆。 美国航天局说，斯皮策携带的红外探测器必须冷却到极低温度，确保红外传感器不被损坏，而斯皮策的冷却液已在2009年消耗殆尽，致使部分仪器无法使用，任务团队近年来一直努力维持剩余仪器的运行。不过，随着硬件老化等问题日趋严重，维持望远镜运行的挑战及望远镜本身面临的风险逐渐增加，任务团队因此决定以可控的方式结束其任务。 美国航天局表示，虽然斯皮策的使命即将结束，但它已为计划于2021年发射的詹姆斯·韦伯太空望远镜的观测任务奠定了坚实基础。','ta.COM cnBeta.COM','2020-01-31',0),(71,'美国空军高调晒图 B-21隐身轰炸机更多细节曝光','【环球网军事报道】近年来备受关注的美国B-21新型隐身轰炸机项目，除了官方公布的一张示意图外，公开的细节十分有限。近日，美国空军和承包商诺普洛斯·格鲁曼公司终于公布了有关该机的更多细节。 据美国“The Drive”网站报道，美国空军公布了B-21下一代隐身轰炸机的3张概念图，虽然这些效果图不一定是B-21轰炸机最后的面貌，但仍透露出了这款新型隐身轰炸机的一些细节特征。例如B-21轰炸机采用了几乎齐平的进气口，还有一体成型的发动机短舱，这些设计在战斗机的隐形能力方面都颇具创新性。无论是齐平设计还是一体成型进气口，都可能导致各种气流问题，因此极富挑战性，落实起来也更为复杂。 报道称，B-21轰炸机的进气口，在飞机的研制过程中毫无疑问地对诺斯罗普·格鲁曼公司的工程师提出了新的挑战。不过这样的设计在进一步降低战机的雷达信号方面，确实是有很大优势。 从最新的效果图来看，B-21显然少了像B-2般的喙状机头，在机身前缘有更陡的脊线，但没有将前导翼与前机身融合在一起的陡峭倾斜面，这些特征都提供了额外的隐身优势。虽然B-21的主起落架和起落架舱门配置类似B-2，但主起落架舱门有锯齿状边缘。此外，B-21的主起落架是两轮设计，而不是B-2上的四轮设计。这说明B-21轰炸机的总重量较低，整体尺寸也比B-2轰炸机小。 报道称，目前关于B-21轰炸机的许多细节仍是未知数，也不知何时能够看到实机，目前首架机正在建造中。美国空军预计在2021年末首次试飞B-21轰炸机，但这一时间节点很可能会推后。','环球网','2020-02-03',0),(72,'日本“钻石公主”号邮轮3700人隔离 厚生劳动省：船上共有22名中国人213','  【环球时报-环球网报道 记者 邢晓婧】日本“钻石公主”号豪华邮轮上逾3700人正在接受隔离，6日该船再次被检测出10名新型冠状病毒感染的肺炎患者，总患者人数增至20名，包括3名中国香港人，1名中国台湾人。日本厚生劳动省6日在接受《环球时报》记者采访时称，根据目前掌握的数据，邮轮上共有22名中国人，确诊的中国患者已被送进神奈川县的医疗机构进行入院治疗。 日本厚生劳动省6日发布的最新数据显示，目前确诊的20名患者中包括7名日本人、3名中国香港人、3名美国人、2名加拿大人、2名澳大利亚人、1名菲律宾人、1名新西兰人以及1名中国台湾人，均被送入指定医疗机构。事件发生后，日本首相安倍晋三呼吁，以确认乘客和船员的健康状态为最优先事务，同时还要寻求万全对策防止病毒感染范围扩大。 据日本《读卖新闻》6日报道，日本“钻石公主”号邮轮1月20日驶出横滨港，1月22日停靠鹿儿岛，1月25日抵达香港，2月1日经停那霸港，2月3日返回横滨。一名八十几岁的香港男性乘客1月25日在香港下船，1月30日开始发烧，2月1日被确诊患有新型冠状病毒感染的肺炎。 厚生劳动省掌握情况后，开始对全船3711人（2666名乘客，1045乘务员）进行健康状况调查，又对其中出现不良症状的273人进行进一步检查。厚生劳动省表示，船内可能出现集体感染的情况，除去接受治疗的确诊患者以外，其他人员被要求在船内原则上隔离14日。该船目前停泊在横滨港大黑埠头进行集体隔离。 由于船舱属于相对密闭的空间，感染几率增大，日本TBS电视台预测称，“钻石公主”号邮轮的确诊患者人数最终恐怕突破100人。日本《读卖新闻》也说，还有171人的检查结果未知，确诊病例数量可能进一步增加。那么，邮轮上是否会发生大规模“人传人”病毒感染事件？厚生劳动省在回答《环球时报》记者提问时称，该省在获得信息的第一时间展开防疫检查工作，并仍在努力防控，从目前情况来看，不排除增加确诊病例的可能性，但应该不会发生大范围感染病毒的情况。 自疫情爆发以来，富山县卫生研究所所长大石和德密切关注事态走向，6日他在接受《环球时报》采访时称，一般情况下邮轮上会举办舞会等娱乐活动，在这种人群集中的场合确实容易感染病毒。但目前留在船上的人员均被隔离在各自房间，大大降低了大规模感染病毒的几率。 大石和德告诉《环球时报》记者，不用担心日本国内受到邮轮病毒的影响，被隔离的3700余名人员某种意义上“做出牺牲”，为的就是不把病毒带到日本本土。大石和德预测，未来几天船上确诊病例可能会上升，但不必过度恐慌。 “钻石公主”号邮轮由美国嘉年华邮轮集团日本分公司运营，截至发稿时该公司并未接受《环球时报》记者采访。其官网发布的一份声明显示，确诊患者在海上保安厅船舰护送下登陆并被送进当地医疗机构。为确保和家人联络畅通，船上开放免费无线网络和舱内电话线路。声明同时宣布取消原定2月出发的全部航行。 《环球时报》记者注意到，有被困在邮轮上的乘客通过社交媒体发送求助信息。一名隔离中的女性称，常备药已经吃完了，给厚生劳动省打电话却被告知要和船上的医务室联系。还称船上很多老人的常备药都已“见底”。 对此，厚生劳动省告诉《环球时报》，他们关注到了这方面信息，已联系相关部门，积极进行食品、药物等物资的补给工作。《环球时报》记者随后看到有乘客晒出“药品依赖书”，称船上正在统计用药情况，统一汇总补给。厚生劳动省还告诉《环球时报》，考虑到病毒潜伏周期等因素，原则上需要隔离14日，具体还要根据检查结果而定，有可能不用等这么长时间被困乘客就能各自回家。 大石和德在接受《环球时报》采访时称，现在最重要的就是做好船上隔离人员的工作，既要关注他们的身体状况，也要予以心灵关爱。他说，“突然被困在船上14日，难免会产生焦虑、恐慌的心理，这时候需要医疗团队积极说明情况，缓解不安情绪，进行心理疏导”。大石和德还说，日本政府目前只对273人进行了深入检查，考虑到病毒的复杂性，如何快速且准确地把握其他人员的身体状况是日本所面临的一大考验。▲123','环球网','2020-02-06',0),(73,'【俄】谢尔盖•格拉济耶夫：毫不迟疑支持中国“战疫”','新型冠状病毒肺炎疫情正在困扰中国。抗击疫情过程中，中国政府在紧急形势下的组织工作以及整个社会在危机面前的凝聚力和纪律性，都给世界留下深刻印象。 这次疫情主要发生在中国，但任何传染病都是全球公敌，它们威胁着整个人类的安全。我们看到其他一些国家也在采取紧急措施，这些措施大致分为两类：一是把自己国家同中国隔离开来;二是在疫情到达本土后采取措施加以抗击。但前者显然不是长远之策，就连世卫组织也不支持这种做法。 疫情当前，在防疫领域开展国际合作变得十分必要。这需要我们汇聚科技资源，组织开展重大攻关性国际研究。为此，或许需要组建一个能够推动和开展这方面研究的有国际权威的学术委员会。这些研究工作眼下当然是为应对这场新型冠状病毒肺炎疫情，但长远来看，也要针对人类文明可能面临的其他任何生物威胁。 中国在当今世界政治、经济、文化等各领域都扮演着重要角色，所以当疫情困扰中国时，也不可避免地给世界经济以及国际社会其他一些合作带来短期影响。但对俄罗斯方面来说，这场疫情不会对俄中合作产生太大影响。据我所知，目前俄罗斯相关医疗部门和企业都在处理来自中国的订单，提供各种防护设备。俄中也已围绕抗病毒疫苗的研发展开合作，另外俄主要航空公司飞往中国的航班也在照常运行。顺便说一下，我本人不久前曾在武汉转机，在机场待了两个小时。武汉是疫情形势比较严峻的地区，但中国官方采取的紧急防疫措施，让乘客们的紧张得到一定缓解。 中国有句话叫患难见真情，俄罗斯坚决支持中国抗击疫情将进一步增进两国的友谊。俄媒上出现一些有关中国和俄中关系的偏颇报道，但那只是一小撮人的观点。现在俄罗斯不少出版物都掌握在外国人手中，其中也有美国人，它们发出杂音并不让人意外。 无论如何，俄中是全面战略协作伙伴关系，长久的友谊和合作将我们紧密连结在一起。两国已在共同应对外部威胁的很多领域肩并肩、背靠背，作出国际示范。那么现在，在中国上下一心抗击新型冠状病毒肺炎疫情的关键时刻，作为俄罗斯人，我们毫不迟疑地要说：这是我们要共同面对的问题;在抗击疫情过程中，中国人民一定会得到俄罗斯的帮助。(作者Sergey Glaziev是欧亚经济委员会一体化和宏观经济部部长，俄罗斯科学院院士，原俄罗斯联邦总统经济顾问。本文由张婷婷翻译)',' 环球时报','2020-02-08',0),(74,'加媒：看看人口超百万的中国城市','加拿大“视觉资本”网站2月7日文章，原题：看看人口超过百万的中国城市 就在30年前，还只有20%的中国人生活在城市，如今的很多大都市彼时还规模很小。从那时起，大量人口已从农村迁到城市，这种转变仍在使很多城市地区规模不断膨胀。 广州的发展壮大就是个很好的例子。从1980年到现在，超过1800万人口迁入广州。当地人目睹了自己的家乡快速崛起为全球最大的城市群之一。这只是中国城市化进程中的一个例子。根据美国城市规划咨询机构Demographia发布的《世界城市地区报告》，中国现在有113个城市人口越过100万的门槛。相比之下，北美和欧盟一共才有114个。 细看一下中国的大城市俱乐部：上海是中国最大、全球第七大城市;广州和佛山发展速度飞快，已融合成为一个城市地区;北京的地理面积与底特律相当，但人口几乎比后者多29倍;深圳人口1990年时与内布拉斯加州的奥马哈相当，而如今成为中国的科技中心，人口规模在全球排第25;成都的人口在2010年到2019年间增长152%;重庆人口2010年到2019年间增长53%;郑州的规模在过去30年里几乎增长2倍。中国有6个城市地区超过伦敦的规模。华盛顿是美国第4大城市地区，在中国只能排到第9。加拿大只有6个城市地区的人口超过100万。 从农村到城市的大规模人口转移，不仅是中国的重大发展，在人类现代历史上也是规模空前的。中国建设这些新城市消耗掉了惊人数量的原材料。比如，2018年中国建设用掉的水泥约是第二名印度的8倍，而两国人口规模相近。 中国已有6个特大城市(人口超1000万)，还有2个城市群正接近取得这种地位。实际上，地理位置接近的一些大城市已变得如此庞大，正融合成毗连市区。这种现象最突出的例子是珠三角，有望成为全球最大的统一城市地区。 上海、深圳等特大城市的经济发展，已为中国较小的欠发达城市创造出机遇。这造就了郑州、西安、武汉、重庆等内陆城市惊人的经济和人口增长。西安的 “筑巢引凤”政策已取得巨大成功。这是在北京全面支持下发展起来的，是为增强中国内陆城市经济活动做出的广泛努力的一部分。过去十年来，郑州规模几乎增长两倍，这是中国经济动力转变的强有力证明。(作者尼克·劳特利，陈一译)',' 环球时报','2020-02-08',0),(75,'美媒炒作中国或购苏57战机 任务侧重不同能与歼20同时装备','【环球网军事报道】俄罗斯第五代战斗机苏-57的外贸动向一直引人关注，中国作为俄制武器装备的传统买家，是否会购买苏-57战斗机也成为热点话题，美国媒体对此进行了一番分析。 据《国家利益》杂志网站2月7日报道，不久前俄罗斯正式批准了苏-57战斗机的出口，并装备向中国出售这款第五代战斗机。 报道称，在去年的马来西亚(兰卡威)国际海事与航空航天展（LIMA-2019）上，俄罗斯国家技术集团高管Viktor Kladov在谈到中俄未来的武器贸易时表示：“中国已经接收了订购的24架苏-35战斗机。在未来两年内，中国需要决定是否要增购苏-35战斗机并实现在国内生产组装，还是购买一款新型的第五代战斗机。这可能是苏-57E战斗机实现出口机会。” 目前尚不清楚外贸版本的苏-57E战斗机与苏-57基本型有什么区别。俄罗斯原计划在2019年年底向俄军交付首架量产型的苏-57战斗机。俄罗斯武器出口公司已经开始与主要的潜在客户进行接洽，开展漫长而复杂的采购谈判。 俄罗斯在苏-57战斗机刚进入生产周期就如此着急地将其推向国际武器市场，这却是有些为时过早，然而这种做法也不是没有好处。首先，如果能与中国提前签订一份备受瞩目的合同，将会产生积极的溢出效应，从而激发其他潜在客户的兴趣。中国对苏-57战斗机的潜在购买可能已经在印度中掀起舆论波澜，但这是否会刺激印度购买该机仍有待观察。其次，需要阐明的是，俄罗斯军工正在打造以苏-57战斗机为核心的长期发展计划，其目标不是在短期内让俄罗斯航空部队大批量采购该机，而是用苏-57逐步淘汰老旧战斗机，使苏-57在未来几十年成为俄罗斯主要的空中优势战斗机。而能实现出口对这一计划至关重要，因为销售苏-57战机的收益可用于再投资，进一步扩大该型战机的生产、零部件供应和物流链。 报道称，出口苏-57对于俄罗斯而言好处是显而易见的，但更需要细致入微考虑的是中国能得到什么。目前，中国空军已经装备了歼-20战斗机。有观点认为，歼-20和苏-57可以在同一空军部队中服役，因为他们担任不同的作战角色。此前《国家利益》杂志的军事专家大卫·埃克斯曾分析，歼-20是“一种快速、具有穿透防御系统能力的作战平台”，也就是说，歼-20的目标是突破复杂的防空系统，瞄准关键的基础设施或地面部队。这是一种与苏-57完全不同的作战理念，苏-57战斗机是一种空中优势平台，可以利用隐形特性来实现“无与伦比”的空战潜力。不过，一些防务专家对中国空军是否有兴趣采购苏-57战斗机持怀疑态度。','环球网','2020-02-09',0),(76,'李显龙：恐惧比病毒更具杀伤力，不必囤积日用品','【环球网综合报道 记者 侯佳欣】据新加坡《联合早报》报道，本地日常用品供应充足，新加坡总理李显龙强调，恐惧比病毒更具杀伤力，大家不必慌张，也无需囤积食物和日常用品。 (李显龙8日发表声明。图源：《联合早报》) 报道称，本地出现了社区感染迹象，新加坡政府7日宣布把疾病应对级别从黄色升至橙色。不少公众因此开始囤积日用品，全岛超市人潮涌现，一些架子上的货品也被抢购一空。 (《联合早报》报道截图) 当地时间8日下午，李显龙针对新冠病毒疫情发出声明。他强调，政府没有规定大家一定要留在家里不准出门，因此公众不必慌张。 他说：“我们有足够的柴米油盐。快熟面、罐装食品，连卫生纸也货源充足。但如果大家都去超市抢购的话，那就肯定无法满足需求了。” 李显龙表示，疫情考验着社会的凝聚力和韧性，他理解大家惶恐的心情，但请国人保持平常心，因为“恐惧比病毒更具杀伤力”。 报道称，下来几天内，预计将出现更多病毒源头不明的案例。李显龙说：“虽然现在警戒级别是橙色，但我们都希望，国家和人民的生活可以早日回到以往的情况。不过，在我看来，按照当前的疫情，这肯定还需要一段时间。因此我们必须做好心理准备，随时应对任何新状况。” 《联合早报》称，新加坡卫生部8日表示，截至8日中午12时，新加坡新增新型冠状病毒感染的肺炎确诊病例7例，总数累计40例。','环球网','2020-02-09',0),(77,'为报复解雇弹劾案证人？特朗普自辩 民主党批逃避真相','中新网2月9日电 综合报道，美国总统特朗普弹劾案告一段落，可是在弹劾案中作证的国家安全委员会官员亚历山大⋅维德曼和美国驻欧盟大使戈登⋅桑德兰，先后遭特朗普解雇。美国媒体和民主党人称这是特朗普的“报复”。 特朗普为自己辩护 据报道，2月8日，特朗普在社交媒体上称“好像我应该只考虑他有多棒。实际上，我不认识他，从未与他交谈或见过他。”特朗普还说，“维德曼错误地报告了我‘完美’通话的内容。”此前，维德曼向国家安全委员会其他官员报告了他对特朗普与乌克兰总统泽连斯基通话的担忧。 特朗普还抨击了维德曼的工作表现，称上级给予他“可怕”的评价，称他在判断和泄漏信息方面存在问题。维德曼当时的上级，国家安全委员会前俄罗斯和欧洲最高顾问蒂姆⋅莫里森(Tim Morrison)在11月的国会证词中对维德曼的判断提出了质疑。他作证说，当他接任该职位时，已经对维德曼的判断提出警告。 当地时间2月6日，美国总统特朗普在白宫东厅就弹劾案“无罪”裁决发表讲话。中新社记者 陈孟统 摄 维德曼在作证时为自己辩护说，他是按照指示报告了他对通话的担忧。他还称他的前任上级，当时的白宫俄罗斯顾问菲奥娜⋅希尔(Fiona Hill)称赞他的表现，以驳斥莫里森提出的问题。 但是，莫里森作证说，正是希尔警告过他关于维德曼的判断。 民主党人批白宫逃避真相 特朗普在2月7日下午宣布将弹劾重要证人维德曼扫地出门后数小时，又宣布将美国驻欧洲联盟大使戈登•桑德兰撤职。桑德兰去年底出席众院弹劾调查公开听证会，他在开场陈词中表示，自己同其他两名美国官员受到特朗普的指示，与特朗普私人律师朱利安尼合作，施压乌克兰政府进行对特朗普有利的调查。 桑德兰在7日晚上向《纽约时报》发表的声明中证实了自己的撤职。桑德兰对报纸说：“今天我被告知，总统打算立即罢免我作为美国驻欧盟大使的职务。” 当地时间12月18日晚，美国国会众议院表决通过两项针对美国总统特朗普的弹劾条款，特朗普被正式弹劾。中新社记者 沙晗汀 摄 在声明中，桑德兰补充道，“我感谢特朗普总统给与我的效力的机会。” 参议院少数党领袖舒默说，此举表明白宫正在逃避事实。 他说：“这一举动并不是力量的象征。”“这只显示了特朗普的弱点。” 众议院议长佩洛西则表示，“总统的解雇行为是无耻的报复行为，显示出他对真相的恐惧”“共和党参议员正在成为总统的帮凶。','网 中国新闻网','2020-02-09',0),(78,'日本防卫相视察“水陆机动团” 亲自乘坐两栖装甲车','【环球网军事报道】据共同社2月8日报道，日本防卫相河野太郎8日访问了陆上自卫队相浦驻地（长崎县佐世保市），视察了被称为日本版海军陆战队的离岛防卫专门部队“水陆机动团”。报道称，此举旨在展现致力于加强岛屿防卫的姿态。 日本防卫相河野太郎视察了“水陆机动团”队员从跳台跳入水池并乘上小船的训练。除了观看两栖装甲车“AAV-7”浸水时队员紧急逃出的模拟训练外，河野还亲自乘坐了该装甲车。 视察结束后，河野向队员们表示：“若西南诸岛被占领，将采取一切措施夺回。希望（队员们）每天勤奋训练。” 报道称，日本“水陆机动团”参照美国海军陆战队，于2018年3月以相浦驻地为据点成立。若离岛被入侵并占领，“水陆机动团”将进行登陆与夺回作战。预计还会用到日本防卫省正准备向佐贺机场部署的运输机“鱼鹰”。','环球网','2020-02-09',0),(79,'空投，喊话，劝离 浙江警方“无人机战队”全面出动“战疫”','“穿黑衣服的这位男士，现提醒您出门在外行走请佩戴好口罩，特殊时期请做好个人防护。”“下面四位阿公阿婆，不要打牌了，戴上口罩赶紧回家！”……近日，浙江警用无人机喊话宣传防疫走红。 无人机高空飞行既可以最大范围的让辖区群众听到防疫宣传内容，让防疫知识家喻户晓，又可以避免在这个特殊时期警民在面对面宣传造成的感染风险。新型冠状病毒感染的肺炎疫情发生后，全省各地公安机关纷纷结合本地实际，利用无人机进行隔空中喊话宣传劝导。 在杭州，无人机空中巡逻进行360度“无死角”广播。“各位居民你们好，现在是疫情特殊时期，请勿长时间停留在室外，尽快回到家中。”不用依靠社区志愿者举着大喇叭一边走一边劝，一架警用“无人机”编入拱宸桥街道防疫宣传队，飞过桥西直街、运河广场、联华超市以及周边小区，既完成巡逻，又能大声广播，劝导在外逗留的居民尽快回家。 在宁波，无人机当起了空中“哨兵”，一发现异常情况就直接空中喊话提醒。2月3日，在慈溪古塘街道石桥头社区一民房处，三名男子聚在门口聊天。天空中，一架载着扩音器无人机“看”到了这一幕，立即向他们飞去并降低高度。随后，无人机上不断“飘”来这么一句话：“不要在一起，不要在一起，快点到家里去”。三名男子瞬间被吓了一跳，愣了会才反应过来，环顾一圈，终于发现了空中的无人机。然后，他们二话没说就散场了，各回各家。 在台州，无人机带着喇叭到社区、小区等人员密集区域轮流播放疫情防控宣传知识，劝离聚集人员。2月1日，当路桥公安分局的无人机在路桥文体中心附近路面飞行巡逻的时候，民警通过无人机监控台看到路上一位没有戴口罩的路人，立即飞到该路人上空对其喊话提醒。这一喊话立刻引起了该路人的注意，并从衣服袋子里面掏出口罩戴上。 在嘉兴、绍兴等地，无人机带上了“大喇叭”，用当地方言进行喊话，如嘉兴无人机用土味嘉兴话，提醒人们别忘了戴口罩：“叔叔阿姨当当心，出门口罩别忘记，麻将聚餐消消停，窝里玩耍最太平，不生毛病最开心，好嘞好嘞，赶快回家里去。”1月30日，家住大桥镇水马南苑的老张去超市买菜出来忘记戴口罩，是当天被无人机喊话的对象之一。老张接受了无人机的教育之后很顺从地戴上了口罩，临走时还不忘朝着无人机镜头点了个赞，“很新奇，讲的话也是比较接地气的本地土话，好接受。” 在湖州，公安机关扩大无人机监控范围，对河道边、水库角落钓鱼人群进行喊话劝离…… 在这场没有硝烟的“战疫”中，浙江警用无人机大显身手，一会当起“宣讲员”，一会又变身“快递员”…… 起飞、盘旋，2月3日，一架警用无人机吊起装着食物和药品的塑料袋，在台州市公安局椒江分局“飞手”陶挺挺的操作下，准确无误停在台州椒江章安街道东埭村一户隔离户的房屋上空，两名村民顺利领到物资。 近期，随着疫情防控措施持续升级，全省398名警用持证飞手积极开展空中防疫宣传、应急物资投送、空中交通管理、隔离区域监控系列抗疫工作，冲在疫情防控第一线。 记者从省公安厅警用航空管理办公室获悉，截至目前，台州、杭州、嘉兴、湖州、绍兴、金华、衢州等地利用固定翼无人机、多旋翼无人机开展空中巡逻600余架次、覆盖400余个小区、40多个广场、10余个封闭景区，提醒800余人戴上口罩、劝退100余名驴友。 省公安厅警用航空管理办公室相关负责人告诉记者，无人机在抗疫工作中的创新应用，不仅提升了抗疫工作效率，更提升了抗疫宣传效果，有效降低了直接接触带来的风险。巡特警、交警等警种也都不断加强警用无人机装备及人才队伍建设，全省警用无人机战队将持续深入到疫情防控一线，疫情不退，警用无人机战队不退。',' 浙江在线','2020-02-07',0),(80,'“线上开工”，经济活动不“停摆”(锐财经·一手抓防疫，一手促发展 )','【开栏的话】 近日，中共中央政治局常务委员会会议研究疫情防控工作，要求切实维护正常经济社会秩序，强调在加强疫情防控的同时，努力保持生产生活平稳有序。 面对疫情，企业怎样科学复产、工人怎样安全返工、政府如何精准施策、重点项目如何推进……这些问题，关乎中国经济的表现，更牵动着很多人的心。 本报今天起推出“一手抓防疫，一手促发展”系列报道，为海内外读者讲述在疫情防控阻击战过程中，中国经济运行中的新看点、新趋势和新故事。 —— 编者 随着疫情防控的深入，“减少人员聚集、避免交叉感染”成为全社会的自觉行动。很多人关心，“少接触”是否意味着经济活动“停摆”呢？记者在采访中发现，在移动互联网高度发达的中国，“网上开会”“在线办公”正成为很多单位复工复产的优先选择。不少企业表示，尽管不如面对面交流那样亲切自然，但“线上复工”却在很大程度上兼顾了防控疫情与生产经营的现实需要，正在为各项工作有序开展提供有力支撑。 2亿人在线办公 最近两天，阿里巴巴集团旗下的智能移动办公平台阿里钉钉（DingTalk）发布的一组数据被顶上了热搜榜：春节后开工几天内，已有超过200万的企业组织在线进行健康信息管理，近1亿人每天通过阿里钉钉健康打卡功能向单位“报平安”，约2亿人在该平台上进行办公、举行视频会议…… 阿里钉钉首席技术官朱鸿说，为确保网络通畅和用户体验，技术人员在阿里云上紧急扩容网络和计算资源，利用弹性计算资源编排服务（ROS），在短短2小时内新增部署了超过1万台云服务器，来支撑用户暴增的需求，这个数字也创下了阿里云上快速扩容的新纪录。 除了快速高效之外，信息安全亦十分重要。启迪国信科技有限公司董事长侯树立告诉本报记者，公司主要为大型政企客户提供一站式安全移动办公解决方案。由于这类客户对信息安全要求较高，因此企业在提供服务时，重点突出技术完全自主可控、符合国家信息系统等级保护要求、拥有多重安全防护系统等特点。 “面对疫情，很多大型政企客户一方面需要进行大量紧急、临时、多人、多组织的高效沟通，另一方面又要按照减少直接接触的疫情防控要求，尽量减少员工面对面的接触，这对我们提出了更高要求。近期，我们安排专人全天24小时对客户的需求进行即时反馈，确保客户各级员工足不出户，都能畅享安全移动办公。整体来看，我们对打赢疫情防控阻击战有信心，对信息化建设加速升级有信心，对中国经济的平稳运行有信心。”侯树立说。 科学有序恢复生产运营 2月5日上午11时18分，中联重科股份有限公司2020年“开门红”活动拉开了帷幕。与往年锣鼓铿锵、车水马龙的热闹场景不同，今年的活动通过互联网在企业微信号上举行。开工活动结束后，中联重科随即开始分步、有序组织园区复工复产。 中联重科疫情防控工作执行组副组长罗雅萌对本报记者表示，作为国内工程机械领域的龙头企业，中联重科在复工复产过程中，一方面尽可能实现线上办公，另一方面也扎实做好线下工作。“我们一手抓疫情防控，一手抓生产经营。比如，在办公场地、生产车间、宿舍等场所，我们及时进行消毒；对入园员工例行体温探测，并给每一位到岗员工发放口罩等防护物资；严格降低人员密度，在食堂区域采取分餐制、一人一桌确保安全距离。这些严格的防控措施，为接下来紧张有序开展生产工作提供了强有力的保障。”罗雅萌说。 在消费流通环节，相关企业也通过完善线上线下配合来更好地满足市场需求。例如，针对疫情带来的特殊情况，多点Dmall一方面利用大数据系统24小时监测商品需求，及时引导全国范围内的合作商家调整物资供应，另一方面主动调整原有的配送方式，采取“无接触配送”的方式。配送员在上门时都将佩戴口罩、手套等防护措施，配送回到门店测量体温后，第一时间使用“消毒凝胶”进行手部消毒，并使用消毒布清洁配送箱，用“双保险”保护消费者与配送员的安全。 “如何在做好防控疫情的基础上，科学有序复工复产，实际上考验着很多企业的应急处置能力与信息管理水平。可以预见的是，企业对如何促进线上线下密切配合的探索，不仅将促进企业积累丰富的应变经验，更可能倒逼企业提升信息化、智能化、自动化建设与管理水平。”中国企业联合会企业研究中心首席研究员缪荣说。 危中寻机凸显经济韧性 一手抓防疫，一手促发展，既是目前不少企业的努力节奏，更让很多企业看到了经济转型升级的新机遇。 格创东智科技有限公司CEO何军表示，目前格创东智根据相关企业复工的管控需求，快速上线了智能园区防疫管控方案，配合智能测温终端，可以覆盖内部人员与外部来访人员、园区环境、生产物资三大防疫核心领域。在何军看来，对人员相对密集的制造业而言，“线上办公”只是最基本的场景。长期来看，如何实现异地研发、生产协同等业务的在线协作，才是保证企业在线不停产、提升疫情应对能力的努力方向。 “5G和工业互联网技术的成熟应用，使得工厂生产要素更广和更深的在线化成为可能。不需要固定聚集在现场，工程师或者管理人员可以对设备、工单、物料、质量等状态实时可视，并且可以展开错峰错时的移动化作业。比如通过在线数据可以针对性地指导工程师，做设备的移动化巡点检、物料的移动化拣配等。与此同时，在线数据的累积，保障了工业数据的多维性和连续性，为实现设备优化、品质分析、供应链调度优化等基于大数据和AI的智能化打下基础。”何军说。 联想集团董事长杨元庆认为，本次疫情虽然不可避免地对中国制造业带来一定短期影响，但不会影响中长期运行态势。随着技术的发展，中国制造业整体自动化水平已大大提升，中国制造业的抗风险和修复能力都大大增强。杨元庆预计，作为发力智能制造较早的国家，中国有完整的制造业产业体系、广泛的应用场景，新兴技术企业的爆发式增长位居世界前列，未来有望进一步实现全面的智能化生产。 分析人士普遍认为，如今中国经济结构更加优化，抗风险能力更强，表现出强大的韧性。未来，随着疫情逐渐被控制，中国经济稳健运行的态势将会更加清晰。','海外版 人民日报海外版','2020-02-09',0),(81,'央企联手保生活必需品供应','疫情防控是一项系统工程，坚持全国一盘棋，统筹兼顾、协调联动，才能打赢这场疫情防控阻击战。近日召开的中央应对新型冠状病毒感染肺炎疫情工作领导小组会议明确提出，保障各地生活必需品正常供应,协调重点企业特别是央企增加生活必需品生产。 国资委和广大央企坚决贯彻党中央、国务院决策部署，根据市场实际需求，主动调整产能，全力保障全国各地特别是湖北省重要民生必需品的稳定供应。相关中央企业面对疫情全力以赴、勇挑重担，快速复工、重组产能，一手抓复工增供、一手抓调运保供，在关键时刻发挥“稳定器”和“压舱石”作用。 作为中国最大的粮油食品企业，中粮集团在疫情防控期间“不停工、保生产、保供应”，并向社会公众作出米面油等重要民生商品“价格不涨、质量不降、供应不断”的承诺。中粮集团所属各企业春节期间复工，主动调整产能，确保全国各地特别是湖北省粮油稳定供应。目前，中粮集团每天发往武汉市场的大米超过200吨、面粉面条合计约50吨、食用油约300吨，供应湖北区域市场的中粮集团旗下工厂还可新增生产600吨大米、500吨面粉以及1500吨食用油的产能。 为做好肉食生鲜制品供应，中粮家佳康武汉一线200余名员工坚持在生产和销售一线扩产能保障供应。2月4日，中粮肉食生鲜制品部华中区生产小包装生鲜猪肉35491盒，打破武汉公司建厂以来日产量历史最高纪录。 中储粮集团把做好粮油市场保供稳价工作作为当前最重要、最紧迫的政治任务。各分公司应急加工点迅速启动加工作业，各地直属库积极做好轮换销售出库，切实保障粮油供应和市场稳定。目前，中储粮湖北分公司库存的中央事权粮食1000万余吨，可满足湖北6000万人半年以上需求。湖南分公司已加工五个批次、数百吨大米投放市场，西安分公司面粉加工车间及400余吨成品面粉纳入地方保供稳价体系。此外，中储粮储运公司及时了解地方党委政府的需求及市场供应情况，做好储备粮油应急动用保供的预案。 中盐集团组织所属食盐生产企业加大生产力度，其全国食盐日产量约5000吨，食盐生产企业库存量112161.192吨，食盐加工企业库存量18284.157吨，可持续保障各地食盐供应。据湖北省盐业集团公司统计，截至1月29日，湖北储备各品种食盐96000吨，不算后续调运，可满足近半年的市场需求。 华润集团充分发挥多元化民生类企业优势，多措并举，紧急调配物资，保障全国尤其是疫情重点区域民生物资供给。华润万家全国3000多家门店日平均工作人数超10万人次。截至2月3日，华润万家已采购口罩超1715万元，纯消毒品（水、液、酒精）2273万元，粮油米面210000万元，方便食品54700万元，常温奶122000万元，果蔬99143万元，肉蛋鱼142600万元，确保满足全国各门店的生鲜供应。 华润万家还主动免除2020年1月25日至2月8日（初一至十五）期间商户租金（含物业管理费），共惠及商户约14000家，减免金额约1.3亿元。',' 经济日报','2020-02-09',0),(82,'面对股市波动，投资者该如何应对','近期，由于受到新冠肺炎疫情等因素影响，A股市场持续波动。那么，面对股市波动，投资者该咋办？ 兴业银行首席经济学家鲁政委认为，疫情不改投资基本趋势。政策准备充分，面对疫情，虽然诸多省市延长春节假期，但我国A股市场仍决定于2月3日如期开市。由此折射出政策部门对我国经济和市场韧性的充分信心。 面对近期股市波动，川财证券研究所所长陈雳在接受经济日报记者采访时表示，对投资者来说，切忌人云亦云或追涨杀跌。有一些板块确实受疫情影响比较直接，首先要区分具体行业受影响是短期的还是中长期的；其次要看一下该行业是否会在疫情彻底好转时，迎来一轮暴发性的恢复，比如基建、交运等行业。同时，医药、5G通信、科技、线上娱乐、在线教育办公等领域是疫情期间活跃度最高的，存在短期主题投资机会。对于投资者来说，谨慎理智是必不可少的。 前海开源基金首席经济学家杨德龙认为，持有好股票以不变应万变，坚持价值投资的重要性不言而喻。持有基本面好的股票，某一日即使跌停，也不用担心，后市很快会反弹回来，那些绩差股和题材股可能会连续跌停，高下立现。 “那么，大家如何操作呢？第一，如果你持有的是优质白马股，可以不用着急，不用理会短期的下跌，因为根据历史经验，由疫情导致的市场波动往往是短暂的，很快市场就会迎来反弹，好的股票会率先创出反弹新高，所以如果持有的是优质股票，可以淡定，不用着急。第二，如果持有的是绩差股、题材股，可以趁这次调整的机会，及时调仓换股，找机会去抄底优质的股票。”杨德龙说。 受疫情影响的波动，看似激荡的风险，其实是不错的买入时机。汇研汇语资产管理公司CEO张强表示，需要提醒的是，投资者应当买入绩优蓝筹股，在大环境不好的情况下，其抵抗风险的能力会凸显出来，在市场泥沙俱下的时候，他们有时会被“错杀”，待情绪稳定，他们也会最快地得到修复。 对于股市而言，短期股价是以情绪为主导的，复杂多变难以把握；长期而言，股价与企业的业绩成正比，所以在确定了企业的长期价值后，短期股价波动尽量少关注。当业绩好的公司股价受突发事件影响过激下跌时，反而是买入的好时机。投资者应当更多关注企业本身而非股价，多了解企业的商业模式，越了解企业，持股才能越安心。从历史数据看，长期持有绩优股的回报是最高的，这并不是靠短期交易能获得的。 张强建议，作为投资者，想要在股市里长期获得超额回报，需要有两种能力。一种是有识别好企业的能力，在合理预期下该企业的业绩有保障，对企业筛选要有自己的系统；二是有与时间做朋友的能力，只要好企业在合理的估值内，持股等待是主要的工作，规避市场杂音，与企业长期相伴享受企业成长所带来的回报。“前者是看投资者的能力，后者是看投资者的耐力。股市投资就是能力和耐力的结合体，两者相互配合才是获得投资收益的重要保障。”',' 经济日报','2020-02-09',0),(83,'“赚快钱”不可取 长期投资价值高','进入新的一年，许多人已制定好理财规划甚至已开始行动。专家提醒，要注意避免“短炒、赚快钱”的投机偏好，注重培养价值投资和长期投资理念。 武汉科技大学金融证券研究所所长、教授董登新接受经济日报记者采访时表示：“许多老百姓有‘短炒、赚快钱’的投机偏好，为了实现家庭财富保值增值，选择囤房或者进入股市与机构对阵‘搏杀’。然而，由于家庭资产配置品种单一，而且太过集中，很容易导致投资失败和高风险，不符合家庭理财的基本原则。” 一系列改革措施也在有力引导长期投资理念的形成。今年1月份，《中国银保监会关于推动银行业和保险业高质量发展的指导意见》正式发布，其中明确提出：“有效发挥理财、保险、信托等产品的直接融资功能，培育价值投资和长期投资理念，改善资本市场投资者结构。大力发展企业年金、职业年金、各类健康和养老保险业务，多渠道促进居民储蓄有效转化为资本市场长期资金。” 养老投资意识相对淡漠也是家庭理财需要改善的地方。当前，我国已进入老龄化社会，60岁以上老年人已达2.5亿人。董登新认为：“我国大部分家庭的养老储蓄和养老投资意识还比较淡漠。在许多西方国家，‘养老’始终是家庭理财的最高目标。” 家庭理财观念的转型升级除了个人努力外，也需要各方协作。2019年12月30日国务院常务会议提出，要积极发展社会服务领域商业保险，为更有力应对老龄化提供支撑，满足群众其他保险保障需求。加快发展商业养老保险，优化养老保险结构。借鉴国际经验，支持开发多样化的养老年金保险产品和适应60岁以上老人需求的医疗、意外伤害等保险产品。 “银行和保险公司应该开发出大量中长期投资产品满足家庭理财需要，包括银行理财产品、保险产品及信托产品。同时，也要大力发展企业年金、职业年金、各类健康和养老保险业务。”董登新认为，一方面，要多渠道引导家庭理财走向长期投资，增加养老财富储备；另一方面，要通过银行和保险公司开发的多样化中长期产品，将家庭“短炒、赚快钱”的资金导入资本市场或实体经济，为资本市场和实体经济提供足够规模的长期资金来源。 “如何引导家庭理财是一项十分重大的国民教育任务。它需要金融机构的教育引导，更需要金融机构开发出让老百姓满意的长期理财产品或资管产品(包括公募类股权产品)，为家庭理财提供稳健的长期投资收益回报。”董登新表示。',' 经济日报','2020-02-09',0),(84,'北上资金逾300亿元抄底A股 医药股被连续减持','证券时报记者 毛军 本周是鼠年第一个交易周，受肺炎疫情的影响，A股市场剧烈震荡。先是周一恐慌性抛售，两市逾3000只个股跌停，随后在资金的推动下连续大幅反弹，创业板指数不但收复失地，还创出3年多来的新高。在市场巨震当中，北上资金的操作既大胆果断又不失稳健，值得广大投资者借鉴。 在周一大跌的时候，北上资金大幅净买入182亿元，创历史第二大单日净买入。融资客则净卖出114亿元，在最低价卖出了手中的筹码。市场连续冲高，部分北上资金开始获利了结的时候，融资客又开始大幅买入。总体北上资金全周净买入逾300亿元，为历史第三大单周净买入额，融资客则净卖出逾30亿元。 在买入股票的类型上，北上资金与融资客也截然不同。本周申万28个一级行业中，获得融资净买入的行业只有9个，大部分金额集中在医药生物行业上。医药生物行业本周共获得融资净买入49.59亿元，超过其后8个行业融资净买入的总和。但北上资金对于热门的医药生物股买入并不突出，在贵州茅台、格力电器、中国平安、宁德时代、上海机场、伊利股份、中国国旅、五粮液8只本周被北上资金净买入超10亿元的个股中，没有一只与疫情有直接关系。北上资金抄底所选择的仍是各行业的龙头企业，这样既能规避市场波动的风险，又能享受短期超额的收益，属于进可攻退可守的策略。融资客追逐热点，短期或能获得更多的收益，但一旦疫情平稳之后，参照非典疫情，医药生物股将面临巨大的回调风险，融资客则属于高风险高收益的投机行为。 华润三九日前公告表示，公司中药产品参附注射液以及生脉注射液，进入《新型冠状病毒感染的肺炎诊疗方案（试行第四版）》，受到推荐使用。为打赢防疫攻坚战，履行央企社会责任，春节期间，公司紧急部署，迅速调整生产计划，优先组织防疫品种的生产，保障药品的供应。华润三九妥妥的主流防肺炎疫情概念股，但北上资金本周却连续减持华润三九，其中，周一减持814万股、周二减持411万股、周三减持725万股，连续3天减持超百万股，持股由节前的逾1亿股，减仓至8060万股，合计减持逾2000万股，套现7.62亿元。 节前，北上资金已经连续4个交易日减持华润三九，节后趁上涨之机加大了减持力度。 智飞生物日前也公告，旗下全资子公司智飞龙科马与中科院微生物所签订《合作意向框架协议》，双方将加快新型冠状病毒（2019-nCoV）疫苗的开发工作。也是正宗的防肺炎疫情概念股，但北上资金本周也是大幅减持智飞生物，合计净卖出2.42亿元。 因疫情蔓延导致防疫抗疫相关产品的需求暴增，鱼跃医疗的消毒感控、温度测量、血氧仪及口罩产品全面脱销，呼吸机、雾化器及制氧机产品市场需求也在不断增加。但北上资金本周也是连续减持鱼跃医疗，持股由节前3177万股降至2334万股，每日减持均超百万股，合计套现2.37亿元。 泰格医药、一心堂、人民同泰、白云山等医药股本周也被北上资金净卖出超亿元。哈药股份、联环药业、奥美医疗、人民同泰等节后连续涨停的强势股，北上资金大部分也是持减持态度。',' 证券时报','2020-02-09',0),(85,'三部门发通知：确保邮政快递车辆优先便捷通行','人民网北京2月8日电 （记者乔雪峰） 2月8日，针对近期部分地区出现限制和阻止邮政、快递车辆通行导致寄递服务不能正常开展的问题，交通运输部、国家邮政局和中国邮政集团公司联合印发紧急通知，明确对执行应急物资运输任务的邮政、快递车辆落实“不停车、不检查、不收费”政策，保障车辆优先便捷通行。 通知指出，邮政、快递承担着社会基本公共服务功能，特别是在居民减少出行的疫情防控时期，寄递网络作为重要的民生通道，其顺畅通行将为疫情防控期间社会运转和群众生活提供极大便利。各单位要切实提高认识，依法科学有序实施疫情防控措施，保障邮政、快递服务正常开展。 通知要求，各地交通运输部门要将邮政(含邮政外协车辆)、快递车辆纳入疫情防控及运输应急、生活和重要生产物资的车辆管理，严格按照《交通运输部关于切实保障疫情防控应急物资运输车辆顺畅通行的紧急通知》要求，对执行应急物资运输任务的邮政、快递车辆落实“三不一优先”政策。特别是对承担邮政普遍服务、特殊服务及防疫物资绿色通道运输的邮政车辆，按规定保障通行。各高速公路、国省干线公路、农村公路不得非法禁止或限制邮政、快递车辆正常通行(包括始发或途经重点疫情地的邮政、快递运输车辆)，不得随意扣押邮件、快件、车辆及驾押人员。 同时，通知明确，各级邮政管理部门要督促邮政、快递企业严格按照疫情防控要求，配备必要的防护物品、设施，加强运输工具及邮件快件的消毒、通风工作。要加强安全查验，坚决禁止收寄野生动物。要认真做好从业人员健康监测，作业期间一律佩戴口罩。','人民网','2020-02-09',0),(86,'美国国土安全部承认使用数据库追踪数百万手机用户','据美国媒体报道称，美国国土安全部已经承认其使用了追踪数百万智能手机用户的数据库，无视此前作出的一项法庭裁决。 据悉，这些数据已经被用于边境和移民执法，有一些证据表明，国土安全部并不想承认有权访问它的。报道称，特朗普政府购买了一个汇总美国数百万部智能手机的活动地图的商业数据库，并正在将其用于移民和边境执法。 这些定位数据来自已获用户授权以记录手机位置的普通移动应用，如游戏、天气和电商应用等，报道称，美国国土安全部已经利用这些信息来检测非法移民和其他可能非法进入美国的人。 尽管从技术上来讲，智能手机用户确实会授权应用访问其位置数据，但他们在这样做时通常不会意识到自己的数据可能会被出售给多达40家不同的公司。 另外，用户还可能会被号称保护匿名的隐私政策所误导，而现实却是，在这种政策之下，个人用户被识别和追踪根本是件不值一提的事情。在大多数情况下，只需要确定住宅和办公室的位置就足以识别出一个人，毕竟通勤者总是“两点一线”。','快科技','2020-02-08',0),(87,'花滑四大洲锦标赛揭幕 双人短节目中国组合列二、三','新华社首尔2月6日电（记者陆睿 耿学鹏）2020年国际滑联花样滑冰四大洲锦标赛6日在韩国首尔木洞室内滑冰场揭幕。首日举行的比赛中，中国组合彭程/金杨在双人短节目取得75.96分，暂时排名第二位，卫冕冠军隋文静/韩聪因失误列第三。 彭程/金杨在上个赛季四大洲锦标赛获得第三名的佳绩。短节目比赛中，两位选手配合默契，发挥稳定，高质量完成所有动作，赢得75.96分，刷新了二人本赛季最佳成绩。加拿大组合托尔斯/马里纳罗以76.36分暂居首位。 中国卫冕冠军隋文静/韩聪则在抛跳动作出现罕见失误，同步性也出现一些瑕疵，最终以73.17分排名第三。这对名将组合此前曾五次夺得四大洲锦标赛桂冠。 冰舞韵律舞中国组合王诗玥/柳鑫宇以77.45分暂列第四，陈宏/孙茁鸣、宁婉棋/王超分别以63.22分和59.18分位居第九名和第12名。 女单短节目中，中国选手陈虹伊、朱易分别以56.81分、55.53分位列第11、12名。 四大洲锦标赛每年举办一届，是国际滑联世界顶级赛事之一。本届锦标赛共有来自12个国际滑联会员协会的100名选手参赛，赛事从2月6日持续至2月9日。','新华网','2020-02-07',0),(88,'东风日产：用温度和实力抵御2019车市寒冬','继2018年之后，2019年中国车市持续遭遇寒冬，众多品牌表现不佳。东风日产正是在这样低迷的大环境下，以“尊重市场、尊重客户、尊重合作伙伴”为指引，实现了销量的逐年突破与超越，展现出强大的硬核实力，获得了消费者的青睐，引领行业变革。 产品才是硬道理 无论市场如何变革，给消费者提供最具价值的产品，全面满足消费者多样化的需求，才能赢得市场。作为东风日产的销量花旦，2019年7月，第14代轩逸隆重登场。这款专为中国消费者打造的新时代高品质家轿，集合了全新的平台、全新的设计、全新的技术，凭借更佳的结构、更优的空间、更新的技术、更多的配置和更强的性能，迅速赢得了新时代家庭消费者的热烈欢迎，引领家轿新潮流。值得注意的是，2019年12月轩逸以61,820辆的销量成绩成功登顶日系家轿销量总榜王座，作为一款在2019年7月才换代上市的产品，这样的惊艳表现当然引来无数的侧目。如果说东风日产在智能出行方面是稳扎稳打，那么在传统燃油发动机领域则是甩出了一张“王炸”。 2019年10月，科技驾享新旗舰2020款天籁正式上市，以“ProPILOT超智驾+VC-TURBO超变擎”超级科技组合，重塑中高级轿车市场新标准，为消费者带来智能化的汽车生活和更多惊喜。东风日产也正式开启了“可变压缩比发动机”元年。第七代天籁是东风日产旗下首个搭载2.0L VC-TURBO发动机的中型轿车，这台全新发动机通过业界独一无二的活塞多连杆结构，实现了发动机压缩比可变。值得一提的是，这台发动机是2019年发动机领域唯一“双十佳”引擎——荣获沃德十佳发动机和“中国心”十佳发动机。 在SUV车型领域，东风日产根据消费者的不同需求，分别在各个细分市场提供众多选择，从入门级的劲客、逍客，到奇骏、楼兰等，产品上实现了10-30万售价区间的全面部署，可谓布下了“天罗地网”。 销量突破：数据不说谎 2019年12月，东风日产终端销量129,258。2019年全年终端销量达到1,170,278，同比增长0.3%。东风日产在2019年1-11月合资非豪华品牌市场的占有率稳步提升至10.9%。 轿车车型中，轩逸组合12月终端销售61820辆，同比增长1.5%，全年终端销售465715辆。第七代天籁12月终端销量12280辆，稳居月销万辆俱乐部，全年终端销量86587辆，继续引领科技旗舰风潮。骐达12月终端销量6269辆，同比增长19.1%，全年累计终端销量75036辆，同比增长22%。蓝鸟12月终端销量4138辆，全年累计终端销量47371辆，同比增长4.5%。SUV车型中，奇骏12月终端销量19028辆，全年累计终端销量212629辆。全新逍客12月终端销量16941辆，全年累计终端销量182133辆，同比增长9.9%。劲客12月终端销量4381辆，全年累计终端销量达45171辆。楼兰12月终端销量2423辆，全年累计终端销量23523辆。途达12月终端销量1807辆，同比增长34%，全年累计终端销量12158辆。 东风日产保持着“东风日产速度”，并一直持续着良好的发展态势，在车市寒冬中实属不易，是汽车界为数不多的翘楚。可见，即便车市总体表现不佳，整体表现出色的东风日产，依旧是众多消费者购车的首要选择。 全价值链向智能化 当然，产品及销量并不是东风日产的全部。2019年，以“三个尊重”为指引，东风日产推动全价值链体系力向智能进化，引领行业变革。 除了“可变压缩比发动机”元年，日产智行核心技术之一的ProPILOT超智驾，也搭载在第七代天籁、全新奇骏等主力车型上。在2020年，将有3款东风日产车型搭载ProPILOT超智驾；至2021年，将在原有ProPILOT超智驾技术的基础上，完成新一轮技术升级；截至2023年，将实现旗下全车系搭载ProPILOT超智驾系统，推动汽车智能化进程，让更多消费者享受到智能化的用车体验。此外，2019年，东风日产打造的中国主流合资车企首个拥有自主知识产权的车联系统，已经搭载在东风日产及东风启辰的核心车型上。截至2019年12月底，已有140万辆日产及启辰品牌车型实现智能网联，让车主真正享受到车联网的红利。 在服务上，领先的服务一直是东风日产赢得消费者的关键。去年以来，针对政策调整，东风日产预判趋势，及时应对。如在国家三包政策的基础上，发布“品质无忧承诺”，是行业内首个做出“7天包换”承诺的合资车企；针对汽车下乡、减税等政策，推出一系列补贴、金融、置换等举措，为消费者创造更高的价值。去年，东风日产开启感心公路活动，覆盖全国288条公路，460个站点为所有品牌车主免费提供8项车辆安全检测，让每位在途车主感到安心、放心。另外，东风日产还将服务贯穿消费者的整个用车周期，在行业内敢为人先，为客户提供5年10次基础保养及5年/15万公里整车保修服务。五年超长“双保”政策优惠价值领行业之先，其专业的售后服务也赢得消费者一致好评。 此外，东风日产在自主创新、品牌营销、市场活动、企业社会责任、全价值链体系平衡等多个领域均颇有建树，让消费者能够更深入、更透彻地体会到品牌的内涵和企业的责任与担当，获得了消费者、经销商、媒体、机关协会等不同人群的一致好评和青睐。 作为一个令人尊敬的品牌和企业，东风日产处处夯实、样样精通，产品得到认可，销量逐年突破，市场占有率再创新高。东风日产不仅局限于提供优质的产品、良好的服务，更以“尊重市场、尊重客户、尊重合作伙伴”为指引，对中国市场的自主创新、汽车技术的发展、汽车产业全价值链的智能化发展等领域贡献出卓越的力量。','环球网','2020-01-13',0),(89,'上汽通用汽车荣膺两项企业社会责任年度大奖','昨日，“2018-2019年度中国最受尊敬企业”颁奖典礼在北京举行，上汽通用汽车再度荣膺“中国最受尊敬企业”称号，成为唯一一家连续十五次获此殊荣的汽车企业。同日，由《第一财经》主办的“2019中国企业社会责任榜”在上海揭晓，上汽通用汽车连续第十一次入选“中国企业社会责任榜”，并捧获“责任典范奖”。两项企业社会责任大奖多年来的一贯肯定，充分体现了上汽通用汽车在构建企业体系能力、全方位健康发展以及积极践行企业社会责任等方面的不懈努力和突出贡献。 2019年，上汽通用汽车前瞻消费升级和产业升级趋势，全面聚焦“电动化、智能化、网联化、共享化”，坚持高质量发展。在产品技术方面，上汽通用汽车坚持不断提升传统内燃机效率与大力发展新能源技术“两条腿走路”，2019年，公司加速推进Smart Propulsion智驱科技，别克、雪佛兰和凯迪拉克三大品牌大规模引入通用汽车全新一代驱动系统。该系统包括拥有2.0T、1.3T及1.0T多款衍生排量的第八代Ecotec发动机系列，以及全新CVT无级变速箱和新一代9速/10速智能变速箱，全面满足严苛的国六b排放标准，燃油经济性大幅提升并拥有全工况下的高效动力输出，为消费者带来“更性能、更智能、更节能、更环保”的用车新体验。在新能源技术领域，上汽通用汽车不断深化布局。2020年至2024年，公司在电气化领域的投入预计高达300亿元，并将推出9款以上插电/纯电动车以及多款强混车型，覆盖轿车、SUV和豪华SUV等多个细分市场。与此同时，上汽通用汽车聚焦用户体验，不断刷新行业服务标准。目前，上汽通用汽车旗下三大品牌所有“国六”车型均可享受发动机、变速箱等主要零部件8年或16万公里的原厂质保服务。 作为绿色科技的先行者，上汽通用汽车以“发展绿色产品”为核心、以“打造绿色体系”为基础、以“承揽绿色责任”为社会实践，积极推进企业绿色发展战略。通过在新能源及绿色节能技术上的不断创新突破，引领绿色智慧制造，持续降低单车能耗、水耗及废水排放，并充分发挥龙头企业的榜样和辐射作用，积极带动产业链全面“绿化”，通过节能减排、降耗增效，共同推动中国汽车工业实现高质量、可持续发展。 成立22年以来，上汽通用汽车始终秉承“诚信正直、回报社会”的企业文化和价值观，追求经济效益与社会效益的均衡发展，全力支持各项文化、教育、环保、人才培养、体育事业，并参与赈灾、扶贫、助残项目。2019年，“绿动未来”环保公益平台的志愿者们几乎步履不停，他们走向山区、边镇、沙漠与海滩，通过“一杯水的约定”、环保公益图书馆、“沙漠边的孩子”植树活动、“为蓝行动”清洁海滩活动等项目，投身环保公益，用心传播着希望与爱。此外，“绿动未来e起来”微信小程序也于今年上线，为更多热爱环保公益的小伙伴构建起环保圈的生态平台;2019年，“雪佛兰•红粉笔”教育计划以“用同一份爱开启第101个梦想”为主题，继续以生动有趣的素质教育课程，开阔贫困乡村地区孩子们的心智与眼界。14年来，“粉笔头”们以不变的热情和初心，已走过101个支教站点;今年，“汽车维修服务技能校企合作项目(ASEP)”继续深根拓展，截至9月，上汽通用汽车在全国共拓展了41所ASEP学校，62所AYEC(青年教育课程推广项目)学校，累计培养了1万8千多名青年技师;2019年，凯迪拉克品牌发起的“小胡杨计划”以时尚演绎公益，以创新撬动环保，吸引超过7,300人次参与，为守护G7公路献出自己的一份力。这些具有品牌影响力的公益平台在各自领域的持续发力，赢得了社会各界的一致肯定和高度赞誉。 截至目前，上汽通用汽车已连续十五年荣获“中国最受尊敬企业”殊荣、连续十一次荣登“中国企业社会责任榜”、连续十年捧获“中国杰出雇主”奖项，这些来自专业媒体与权威机构的肯定与赞誉，充分彰显了上汽通用汽车积极承揽企业社会责任，坚持人、车、社会和谐发展，努力实现社会价值最大化的优秀企业公民形象。','环球网','2019-12-16',0),(90,'开启时光之门,来一场梦回19世纪巴黎的“穿越”之旅','旅游编辑们评选出的“首尔室内网红打卡地TOP1”- L’atelier东大门光绘美术馆 当前最火首尔网红景点,一个仿佛完成一场时光穿梭的“魔法”场所 由首尔观光财团运营的“VisitSeoul.net”的资深旅游编辑们评选出的首尔“Hot Place” 东大门必去打卡地 最近,L’atelier作为推荐景点出现在了拥有1,100万粉丝量的旅游网红“旅游约吗”介绍的号称“首尔旅游必需品”的“Discover Seoul Pass(DSP)”的名单里。“Discover Seoul Pass”是外国游客专用的、首尔的人气旅游景点与交通卡实现“一卡通” 首尔明洞、弘大的“乱打(NANTA)公演”从今年2月开始将推出相当于原价票价格6折左右的“乱打(NANTA)+L’atelier Package”套票,具体信息可以在的NANTA的官方网站进行查询。 另外,新罗免税店首尔店从去年8月开始为购买100美金以上的自由行外国旅客提供2张L’atelier的活动今年也将持续进行。 Media Show《莫奈的庭院》 <弗洛姆广场> <<蒙马特大街> ◇ 巧妙运用独创性的新媒体互动展示科技,唤醒19世纪的法国巴黎 位于东大门现代奥特莱斯百货的L’atelier东大门光绘美术馆是一个可以在感受下雪的同时还能仿佛闻到浪漫花香的Atractive(Art+Interactive艺术与互动结合而成的合成词)主题公园。在这里,你可以实现与以往只在教科书里出现的毕加索、梵高、莫奈、科尔特斯等印象派代表画家们的心灵对话。通过艺术作品与尖端IT技术的完美结合,再加上创意十足且新奇的主题布置,让参观者走进画中、成为主人公,正所谓“初见不知画中意,再看已是画中人”。 <夜晚露天咖啡座> 美术馆由5个主题区和3个特色景点组成。走在展馆里,作品中的人物可能会在某个不经意间就会与您搭讪,更有飘雪的蒙马特大街,以及弥漫着隐隐花香、开满鲜花的庭院等各种场景的再现。通过对19世纪名画中法国街头场景的高度实景还原,提升了展馆的空间感,显得更加梦幻也更加有趣,不仅是恋人们绝佳的约会场所,也让孩子们身处名画场景之中更直观的感受印象派艺术。 《名画展示区》 随着在东大门外国游客中日渐赢得的口碑,L’atelier成为了“一定要去看一次”的网红地以及新的文化主题公园。展馆从2017年11月正式对外开放以来,累计接待游客达到了50万人次(截止2020年2月数据)。 《入口》 绕过入口,“泰特广场”、“莫奈的庭院”、“梵高的房间”等6个经典主题空间如画卷一样依次展开。 《梵高的房间》 多样化的主题设置是L’atelier在中国收获高超人气的主要原因。区别于以往单一的平面式图画鉴赏,L’atelier通过运用各种触控感应和体感交互技术,赋予了每个空间贴合艺术作品主题的更加新颖的沉浸式互动体验方式。观众真正做到走进“画”中世界,与画中的人、事、物产生难以言喻的联系。 《玛德莲花卉市场》 音乐剧《梵高的理想》剧照 全息图脱口秀《X-File》剧照 开馆当日就吸引了源源不断的参观者,并且收到了很多“太神奇了”“很有意思”的评价。一名刚结束参观的中国游客接受采访时意犹未尽地说到“虽然褒贬不一,但对我个人来说非常喜欢。感觉像是穿越时空回到19世纪的巴黎一样,到画里做了一回主人公”。 在北京展馆里,除了有和首尔东大门展馆一样的“泰特广场“、”莫奈的庭院“、“梵高的房间”“等同名的主题区外,细节设置上则不尽相同。展馆负责人表示”在各主题区的风景和布置等细节方面更贴近于中国人的审美。特别是在“小L’atelier”馆区,多媒体音乐剧及全息图脱口则属首次亮相。L’atelier计划明年春季在上海和重庆也设立新的展览馆,并且通过在中国5大城市巡展的策略,逐步开展进入内陆城市的扩张计划。与此同时,在邻国日本,和当地的企业也在合作洽谈阶段,期待在明后年也够能成功进入日本市场。 L’atelier创始人Mackiss Company赵雄来社长表示“中国只是我们海外发展计划的一个踏板,我们的最终目标是走向世界”。','网 消费日报网','2020-01-21',0),(91,'“先有好电影，才有好美术”','—美术指导孙立谈《中国女排》 体育题材的影片通常更容易引起观众的共情,能传递出体育精神就很燃,很热血,重点还是剧本! 《中国女排》上映在即,张冀老师写出的第二稿,或者第三稿剧本就很有灵魂,大家觉得能够有一股劲儿在一起,80年代的部分,可以塑造的空间有很多,故事非常“有人物”。 电影筹备从二月一直到六月,才真正定型下来。堪景天津、北京、漳州、厦门,其实是一个探索的过程,你一边看到现实的场景,真正的女排训练过的空间,看到女排现在的…新女排的状态,看了很多新闻片,过去的老照片,包括女排的博物馆。慢慢就形成了一个和最早设定的调性比较契合的、可实施的方案。我们设定过像Saul Leiter,像他那些照片,拍纽约的,这些照片影响到一些电影的拍摄,比如《CAROL》,摄影还提过《末代皇帝》,我们把它设想成一个非常浓郁、饱和的有激情的,不管从色彩,还是影像,还是光,是这样的一个调性。其实真正看到在现实中,包括比赛部分,还蛮契合的,这个设想在制作中没有很大的改变,非常顺畅。 看Saul Leiter的照片,有很多是这种三原色的构成。我们去还原80年代的色彩,也有很多是三原色的构成。比赛,也是三原色都有的,跟巴西,跟美国各种比赛,然后中国的这种红,巴西的这种黄、绿,这样的“饱和”!我们有一个共识,让电影更饱满一些。摄影机摆在那,现实的场景,比如我们有跟军队打球的戏。军队的那种橄榄绿,这种庄严,还有很多符号化的标语,红旗飘飘,然后再加上女排的这种中国红,这种字体,还有这些精神面貌的东西,我觉得它柔合在一起,必然就出现这种饱和的,很热烈的氛围。 围绕着剧本的反复探讨,不停变化,它往非常有魅力的方向进展……因为这个剧本足够好了以后,也影响到视觉部分更希望把它做的浓郁,更彰显这种体育题材的气质,有很“燃”的创作欲望。所以基础的美术工作和不断变化的剧本探讨.方向,差不多在同步进行,调整。哪些再加一点,哪些再减一点。比如以前还要去漳州,要去厦门,到后来也就没有了,我们就把它都集中在北京、天津这样的城市。 漳州的面目,就像一个小城,很小的小城,很平静,然后很南方的气质。你能看出它是国家为了这样一个项目,体制上给予了很好的设施。当然现在看不够好,当时能有这样一个独立的王国,已经很厉害了。本想在漳州实地拍摄,它毕竟呈现的完全是当时80年代的女排的生活、训练的封闭空间,而且它保留的还很完美,基本上都在。我们受限制的就是运动员的时间,演员的档期这些,因为太多运动员和演员,所以肯定在这方面,没法做到那么完美。 跟我当时设想的不同,我们最后选中这个顺义的小工厂,是因为它不是重工业,是一个轻工业,它的体量、尺度,遗存下来的这种质感,刚好和漳州的尺度比较匹配。我们在天津也找过一些工厂,质感也不错,但是比较偏重工业,做出来会往有点虚张声势的方向走。没有像现在这样一个平静的状态,来的更准确。 漳州基地,它虽然是一个王国,但是是很紧凑的。 它没有出现像北方的那种残酷,或者是那种,我觉得叫苦情的东西。它出现是一个南方小城的那种静宜,甚至有点甜美,安逸。 我们用了一个月多一点点。先把工厂里不符合要求的东西都拿掉,然后把主场馆的地面整个铺平。因为窗的造型跟我们预想的不太一样,重新开窗,重新copy漳州这些,包括有些拦住球的设施。然后整个房梁全部重新包裹,重新做,但是保留了原来仓库的房顶的一些质感。最重要的就是地板,我们把漳州本身真正的地板拆回来,铺到工厂仓库的这样一个基础上完成。最难的就是这个地板,我们亲眼去看的时候,肉眼看,这个地板是质感非常有魅力的,因为这里所有的一切,都是老女排滚出来的,真是用人肉,用人汗去“包浆”出来的地板。机缘巧合,漳州基地要拿他原来的老馆做成博物馆,他反而不需要真正的旧地板,当然这个是思维方式的问题,我们就把它买回来,全部拆回来运到北京,把它重新铺到现有拍摄的场景里。 郎平来探班的时候,第一次进来,就给吓到了,就说把整个楼给搬来了一样。她们在那儿太多年了,这个氛围一下会把人拢住,而不是具体的细节怎么样,训练常年在这样一个环境里,打磨的气氛,最后出了这个“味道”,最重要。 这个工厂,它有主楼,有现成的食堂,还有副楼,有一个北方的平房,还有一个很大的实验室的一个楼。甚至还有浴池,澡堂,它居然形成了一个完整的体系,就跟漳州一样,一个基地,它什么都有,有宿舍,有食堂,有门卫,一个小的完整的空间。我们索性把它归位,把现有的工厂里的空间,去对位,我们把剧本里80年代,可能出现的空间都放进去,而且互相有直观的关系,不是要靠镜头分切才能连接的,它对面就是宿舍,宿舍拐出来就是主楼,再出来就是办公室。办公室旁边就是食堂,食堂接着浴室。我们搭建了一个漳州的“大门”,大门的门卫室,以及医务室,还有三楼的一些办公空间,等于直接横在工厂院落空间的尽头。整个基地,就完美的放在一起了,这个是最早没有设想到的。所有导演都会喜欢一整套空间,拍摄起来,创作起来更自如一点,如果你每次都得分切,就还挺干扰的。 大家现在说起来80年代有多美好,有多阳光灿烂,有多让人兴致昂扬,其实大部分是从精神层面的,是记忆,是主观的,可能那会儿物质匮乏的太久,精神上压抑的太久,80年代我觉得像鱼,突然从水下浮出来,能呼吸到一些新鲜的东西,所以大家认为,那个年代很美好,蓝天、白云、红旗招展。每个人的精面貌都很热情,很洋溢的那种。这个如果是大家的共同的认识,那我们就得在精神层面还原这些,让人感觉到,感受到,从电影语言的角度,把那个年代的人的面貌,在北京,或者是天津,漳州的生活环境里,还原出来。最终还是跟着剧本,我们找到了一些点,比如张冀老师写的“读诗”,因为只有那个年代,会有人在集会上读诗,会大家聚在一起,现在都没有了。比如我们会拍一些女排的比较轻松的场面,划船,那会儿特有的脚踏船,鸭子船。都能够给电影调出一抹亮色。还有我们用了很多北京现在还能留存下来的老建筑,比如像农展馆,农业展览馆的基础。因为它是苏式的建筑。还有北京展览馆,我们做了电影院散场的情景,那会看电影是一个非常奢侈的事情,而且大家很饱满的看一个,当一个事来做。还有烫头发,大家都烫一样的头发,像现在闺密一样,大家一起去做同一个事情。这些情境,多一些呢,它会给观众带来一种共情。我们以前会回避这种特别还原年代的东西,因为你即使百分之百的还原,也未必就那么真,每个人的印象,主观想象的东西都不一样,所每次都“躲”这些要硬碰硬的还原的东西。这次因为是一个这么热烈,这么浓郁的片子,我们是觉得这些还原,实际上是能够感染到每一个观众的,是可以把他们的情绪带动起来的,然后再切合现在主要人物之间的关系,还有比赛的热烈和比分交替,焦灼的元素,这几个东西如果都有,那这个电影,可能三分钟,五分钟,就会让你觉得很有激情的东西出来,它充斥着整部影片的时候,它一定是一个很“好看”的电影。 特别打动我的有两场戏,都是在同一天发生的,一场是女排包饺子,剧组把父母请来,女排因为集训很久,几个月或者半年,才第一次见到父母,大家一进屋就都哭了。队员还互相介绍,他是谁,这是谁的父母。那个设置当时用真正的这些演员的父母来做…当然我以前见过这样的方法,它很有效,它不是单纯表演能够做到的,就是这个设定有了以后,普通人也一定能出得来这个情绪,我就是觉得很动人。还有紧接着这场戏之后的,袁伟民在办公室,大家过春节,喝点小酒,有点吐露真情,他把女排的队员叫到一起,就说了一些发自肺腑的话,我也是真的看到这种表演的魅力,这种张力。在现场我看到了大家不断的去挖掘,包括吴刚老师,演袁伟民,我们的编剧就说,可不可以是一种体育家的感觉,然后监制又觉得,那是不是可以前面是体育家,后面有点跟大家在一起掏心窝子的状态,多几个层次的表演。包括导演在现场分镜,从大家坐在一起的全景,一直到从队员的夹缝里,“掏”到袁伟民的表情,从侧面去拍陈忠和第一次加入这个团队,要踮起脚,跟大家在一起伸手击掌这样的状态,都一气呵成,我是很为这个创作过程感染。因为我这个工作,有时候离表演,离电影本质的东西有点远,但是我看到了这样的一个现场的面目之后,我当时就觉得这个片是一定好,它鼓励你把后面做的更好。 请巩俐来演郎平是个很正确的选择,我们合作过,我在得知这个消息的时候,就已经很认同了。郎平说话很幽默,还有她的气场,北京人的特质,我觉得特别像。不是面目上像,是精神上的,气场上的这种接近,你会觉得这两个人在场,都能hold住。运动员来演运动员确实非常意外,可能运动员相对单纯,戏一讲就通。我听导演讲完戏以后,她们……马上那个情绪就能来,好像比职业演 员更有这种悟性。我看到有几场戏,包括郎平骂朱婷的那个戏,跟 她一边打球一边交流,她自己沉下来,进入角色,孕育出来的那种情绪,爆发力,真的一点不比职业演员差,想象不出来,很少有这样的经历,用非职业演员演的比职业演员还好,这个太意外了。 我看了不少体育片,俄罗斯的《绝杀慕尼黑》,还有一部讲冰球的《红军冰球队》,都有借鉴,因为它那个体制跟我们有点像,都是举国体制,都是从不富裕的地方选拔选手,尤其是那个冰球,世界没有人能打得过他们,那种体制下所讲的事情,跟我们现在要讲的,有点氛围上的共通,就是我们最终要的是什么?不是这种赢啊,输啊,还是要爱体育,爱这种项目,这个比赛。我们看了很多这方面的资料,也影响到我们对这个影片的塑造和走向。 好莱坞的体育题材,有一些技巧会给我们启发。比如说拍出比赛激烈的程度,比如像橄榄球。排球有些虽然做不到,但是那种音效,包括人的情绪,镜头的运动,它还是能够有效的让这个电影变得更好看。 我看剧本的时候,并没觉得《中国女排》是主旋律,它绝对是一个故事性很强的,又有人物之间的碰撞,情感,这种对手戏,那么有魅力,有比赛-体育题材本身的,其它题材没有的“燃”,天然的焦灼,比分接近,最后反败为胜这种,出现了好几次。体育题材本身的这种魅力,我觉得算不算主旋律也不重要,当然它很正能量,很热血,是很让大家有激情的电影。 所谓女排精神,在影片中有对白,有这样的台词,大概意思就是说,谁都年轻过,年轻的时候,不冲一把,不往上冲的话,多遗憾啊。我觉得这个就是特别现实,特别口语化的一个女排精神。我们自己很多宣传物料上写的,不畏将来,不看过往。其实它也是一个精神的体现。输赢不是最重要,还是这种冲劲,这种一辈子只有一次的机会,是这个精神的一个来源。我觉得它可以放在一切上,放在我们电影上都可以,拍摄电影这么麻烦,你不趁着年轻,趁着能拼的时候,趁着能熬夜的时候多做一点。将来你再退休,再没有这个精力就很遗憾了。 拍电影跟打球,有共通之处,拍的过程当中,就已经知道这个东西好不好。绝不会说等上映的时候,你说这个没想到是这么差,或这么好。一定是在拍摄当中,就已经感受到了这种大家的配合,审美,表演的魅力,包括这种化学反应。打球我觉得也是这样,你打的过程,打顺了,就有这种反映。电影也是,拍的好顺,就觉得这些合作,这些构成,都很舒服。我觉得《中国女排》应该是可以载入史册的一部好电影。 不念过往,不畏将来,祝贺《中国女排》能在2020年大年初一上映,祝贺这部电影能够载入史册。','环球网','2020-01-17',0),(92,'中国空间站在轨建造 启幕在即','5日，长征五号B遥一运载火箭运抵文昌发射场。它将于4月中下旬，搭载新一代载人飞船试验船，执行首飞任务。更强大的运载火箭、更先进的空间站技术、更高的科学应用效益，中国空间站在轨建造任务即将拉开序幕，空间站时代的中国载人航天工程正阔步向前。 2月5日，为载人空间站工程新研制的长征五号B遥一运载火箭安全运抵文昌航天发射场。加上已先期运抵的空间站核心舱初样产品和新一代载人飞船试验船，“三大件”已齐集发射场。长征五号B遥一运载火箭将搭载新一代载人飞船试验船，计划于4月中下旬执行首飞任务。这也意味着，备受瞩目的中国空间站在轨建造任务即将拉开序幕。 新型大型运载火箭将承担载人空间站舱段等重大发射任务 按计划，此次长征五号B遥一运载火箭将执行两大任务。一是参与发射场合练，二是搭载新一代载人飞船试验船飞行。据介绍，试验飞船不载人，而空间站核心舱初样产品则不参加发射任务。 火箭是目前人类去往太空的唯一交通工具，建设空间站尤其需要运力强大的运载火箭。中国载人航天工程办公室相关负责人介绍，新运抵发射场的长征五号B遥一运载火箭，是在长征五号运载火箭基础上改进研制的新型火箭。科研人员根据空间站任务要求新研制了大型整流罩，并对全箭进行了适应性改造，使其主要用于空间站舱段等近地轨道大型航天器发射任务。火箭全长约53.7米，芯一级直径5米，捆绑4个直径3.35米助推器；整流罩长20.5米、直径5.2米，采用无毒无污染的液氧、液氢和煤油作为推进剂，起飞质量约849吨，近地轨道运载能力不小于22吨。 中国航天科技集团一院长征五号火箭总指挥王珏介绍，长征五号B运载火箭属于按系列化、模块化、组合化思路研制的一款新型大型运载火箭，也是我国首个一级半构型的大型运载火箭，将主要用于近地轨道大型航天器发射，承担起我国载人空间站舱段等重大航天发射任务。 据悉，长征五号系列运载火箭今年计划安排3次发射，将分别由长征五号B运载火箭发射新一代载人飞船试验船，由长征五号运载火箭发射火星探测器和嫦娥五号月球探测器。 空间站设计了完整的可再生生命保障系统，航天员工作生活将更舒适 据专家介绍，中国空间站总体构型是3个舱段，包括“天和”核心舱、实验舱Ⅰ和实验舱Ⅱ，整体呈T字构型。核心舱有5个对接口，可以对接一艘货运飞船、两艘载人飞船和两个实验舱，另有一个供航天员出舱活动的出舱口。 其中，“天和”核心舱全长16.6米，最大直径4.2米，发射质量22.5吨，是未来空间站的管理和控制中心。“天和”可支持3名航天员长期在轨驻留，支持开展舱内外空间科学实验和技术试验，是我国目前研制的最大的航天器。 据中国航天科技集团五院航天专家介绍，为了让航天员在太空中的长期生活更加舒适，核心舱在设计上较过去有了很大突破，供航天员工作生活的空间约50立方米，未来加上两个实验舱后，整体能够达到110立方米。 不仅活动空间大，航天员在空间站的补给也得到了更好保障。此前我国航天员在轨飞行的最高纪录是33天，航天员生存所必需的水和氧气由航天器直接送入太空。为了让航天员实现更久的在轨停留，空间站设计了完整的可再生生命保障系统。航天员呼出的水蒸气会通过冷凝水方式回收，排泄的尿液也会回收净化，重新作为饮用水和生活用水使用。电解制氧时产生的氢气与航天员呼出的二氧化碳，将通过化学反应生成氧气，这也能够降低氧气的补给需求。 空间站资源十分宝贵，经过科学且慎重的遴选，空间站上将搭载安装包括生物学、材料科学、基础物理、微重力、流体等类别相关的科学研究实验设施。空间站上也将部署10余个先进科学实验柜、舱外载荷安装平台以及共轨飞行的巡天望远镜，提供空间科学实验条件，解决大规模空间应用问题。 中国航天科技集团五院航天专家介绍说，新一代载人飞船是为我国近地空间站运营和后续载人月球探测等任务研制，全长8.8米，发射质量21.6吨，具备高安全、高可靠、适应多任务和模块化设计特点，目标是实现一次可运载6名航天员和返回舱的多次可重复使用。由于新一代载人飞船将同时兼顾近地轨道任务和更远的深空探测，对飞船的结构和防热性能会带来更大的考验。计划于4月完成的这次发射任务，将验证飞船关键技术，随后飞船将转入全系统的研制和功能验证，为未来的载人飞行作准备。 空间站阶段任务面临不少挑战，发射场合练和首飞极为重要 上世纪90年代，我国载人航天工程确立了“三步走”发展战略：第一步，发射载人飞船，建成初步配套的试验性载人飞船工程，开展空间应用实验；第二步，突破航天员出舱活动技术、空间飞行器的交会对接技术，发射空间实验室，解决有一定规模的、短期有人照料的空间应用问题；第三步，建造空间站，解决有较大规模的、长期有人照料的空间应用问题。 2019年7月19日，随着天宫二号空间实验室受控离轨并再入大气层，中国载人航天工程空间实验室阶段全部任务圆满完成，我国全面迈入空间站时代。 要实现技术跨越发展、科学应用效益不断提升，空间站阶段任务面临不少挑战。按计划，我国载人航天工程将在不到3年时间内连续实施10余次飞行任务，完成建造并运营近地载人空间站，突破、掌握和发展大型复杂航天器的在轨组装建造、近地空间长期载人航天飞行等技术，以及建成国家太空实验室，开展大规模空间科学实验和技术试验、民用空间应用等。 专家表示，发射场合练和首飞极为重要。据介绍，发射场合练就是完全按照正式发射状态进行模拟演练，只是不会真正执行最终的点火指令。通过合练，可以全流程、全要素、全过程模拟正式发射任务，全面验证空间站核心舱与运载火箭、发射场等系统之间的配合，提早发现问题、解决问题。长征五号B遥一运载火箭参与的本次合练任务预计需要3个月左右。 当前，正面临防控疫情的特殊时期。中国载人航天工程办公室相关负责人对此表示，工程全线将防控疫情纳入合练任务统筹安排，科学决策、科学组织、科学管理，逐一摸排筛查、严格场区管控、完善风险预案，确保合练任务和首飞任务按计划进度顺利组织实施，确保空间站阶段飞行任务顺利进行。',' 人民日报','2020-02-07',0),(93,'2020年首个超级月亮即将在周末上演','据外媒报道，准备好迎接2020年的第一个超级月亮吧。据NASA称，月球将于2月9日（美国东部时间2月9日凌晨2点33分）迎来满月，并且从周五晚上到周一早上都将是满月。 由于在二月，这个特别的超级月亮也被称为雪月(snow moon)。 另外它还有其他不一样的叫做，诸如风暴月(storm moon)、饥饿月(hunger moon)、中国元宵节月(Chinese Lantern Festival moon)等。 “超级月亮”一词于1979年被创造出来，用来描述当月球轨道最接近地球时发生的事件。这时候的月亮看起来比标准满月要更亮更大，这使其成为了摄影师和夜空观测者的最爱。 下一次满月也将是超级月亮，将发生在一个月后，具体时间为3月9日。','ta.COM cnBeta.COM','2020-02-07',0),(94,'解放军多型战机“绕台飞行” 轰6K挂载巨大导弹出镜','【环球网军事报道】日本防卫省统合幕僚监部2月9日发布消息，当天日本自卫队发现4架中国轰-6轰炸机在东海以及西太平洋海域飞行，自卫队战斗机紧急出动。 从日方公布的现场照片来看，此次出动的是中国空军的轰-6K型轰炸机，日方所拍到的两架轰-6K轰炸机的翼下都挂载了两枚空对地导弹。 另据台湾“中央社”9日报道，解放军战机于9日进行了“绕台飞行”。报道援引台防务部门说法称，解放军歼-11、空警-500、轰-6等型号战机于今日上午11时许经巴士海峡，自西太平洋进入宫古水道飞返原驻地，执行远海长航训练。 据报道，台防务部门宣称，台军在此期间运用空中侦巡机及防空部队适切应处，空军F-16也“挂载实弹紧急升空伴飞”。台防务部门还气急败坏叫嚣称，解放军远海长航举动“已经冲击区域安全稳定，危害区域各方共享之和平福祉”。面对各种“敌情威胁”，台军“均能全程掌握”，全力依相关战备规定应处。 随后，东部战区新闻发言人张春晖空军大校就海空兵力战备巡航发表谈话。中国人民解放军东部战区组织海空兵力实施战备巡航，成体系出动驱护舰、轰炸机、歼击机和预警机等多种武器装备，检验多军种一体化联合作战能力。空中兵力经巴士海峡、宫古海峡巡航飞行，并进行针对性实战课目演练。台湾及其附属岛屿是中国领土神圣不可分割的一部分，中国军队战备巡航完全正当合法，是针对当前台海安全形势和维护国家主权需要采取的必要行动。战区部队有决心、有能力挫败一切“台独”分裂活动，坚决捍卫国家主权安全和领土完整，坚决维护台海地区和平稳定。','环球网','2020-02-09',0),(95,'社评：与中国断航的国家该考虑复航了','湖北省之外其他地区的新冠肺炎确诊病例已经连续第八天下降，这清楚表明中国各地最高等级的防控措施已经发挥了作用，这场严重的疫情已在高位得到控制。尽管现在专家们普遍慎言疫情出现拐点，但是我们看到了局势的曙光。中国全社会正在政府的领导下努力实现形势的根本性转折。 在中国内部，除了湖北省和个别疫情严重的城市，省际、城际之间的交通在大范围恢复，北京上海等中心城市的飞机场和火车站重新忙碌了起来。很多大城市的地铁也不像前些天那样空荡荡了。 各地的疫情防控一点也没有放松，流行病学意义上非常完备的管理体系在各个城市迅速建立了起来并且不断密织。大部分社区采取了非常严格的管理措施，包括快递员送餐员在内的非小区居民都已不能入内，检测体温在绝大部分公共场所实行。一个感染者现在能够很快被发现，他的密切接触者也能够及时找到。这一切形成了各地对抗新型冠状病毒的天罗地网。 这种情况下，我们认为是那些采取严厉对华旅行限制的国家重新考虑这一措施的时候了。如今武汉市和湖北省以及个别疫情严重城市处在封闭状态，中国其他地方的新感染率已经很低。比如北京最近每天所有居民的新感染率只有约百万分之0.5，中国旅行者将病毒带往世界其他地方的概率也与严厉措施采取之前完全不是一回事了。 世卫组织在宣布“新冠病毒是国际关注的突发公共卫生事件”的时候，明确不支持对中国采取旅行和贸易限制，首先就是基于中国政府采取强有力控制措施这个事实。中国没有辜负世卫组织对我们的信心，我们做到了对病毒最为严厉的控制。 一些国家完全切断了同中国的交通联系，甚至不允许在14天之内到过中国的非该国公民入境，这是严重超出世卫组织建议的过激反应。在最近这几天形势出现明显积极变化的时候重新考虑并尽快取消这些做法尤其成了值得认真去做的事情。 中国是世界最大的制造业基地，也是全球人员流动的最大进出地之一。同中国断航让许多航空公司蒙受了巨大损失，同时增加了对今年第一季度世界经济的冲击。维持当前的局面意味着大家都要用更大的损失来为这场疫情埋单。 尽管刚被世卫组织命名为COVID-19的新冠肺炎有致命危险，但是只要进行必要的控制，它所能造成的实际危害是有限的。到目前为止，北京上海等中国大城市死于这种病毒的人都是个位数，其中北京只有3人。而美国2019-2020流感流行季给大城市所造成的死亡者要多得多。 在中国已经为控制COVID-19做出了大量先期努力和探索的情况下，为了防止该疾病的传播而搞休克式的国家间隔离是完全没有必要的，既不科学也有违各国及全球的利益。现在的确到了对这一慌张做法进行纠正的时候。',' 环球时报','2020-02-13',0),(96,'人民日报钟声：乘人之危的“看客”做派当休矣','原标题：乘人之危的“看客”做派当休矣（钟声） 违背道义者，终究枉费心机。面对全球共同的卫生挑战，执意搞不得人心的“政治化”操作和泯灭人性的恶意攻击，只能落得在世道人心中大大失分的下场 针对美国媒体借当前的新冠肺炎疫情对中国制度体系说三道四的做法，新加坡总理夫人何晶日前在社交媒体上的一则点评引起诸多关注——“那么美国乙型流感死亡案例又暴露了什么呢？”恰如这一点评所显示，面对新冠肺炎疫情这一突发公共卫生事件，美国一些人的不健康心态，正在国际社会引起更多反感。 为尽快遏制新冠肺炎疫情蔓延，中国正开展坚决打赢疫情防控的人民战争、总体战、阻击战，采取最严格、最彻底的防控举措。众多国家政府正通力合作，各国人士纷纷自发以各种方式参与抗击疫情。世界卫生组织以及全球公共卫生专家积极为疫情防控贡献建设性意见。 与这一全球性努力形成鲜明对照的是，美国一些政客和部分媒体就疫情问题的表态阴阳怪气，甚至恶语连连，十分不负责任——他们拿出一副“看客”做派，言语间不乏幸灾乐祸意味，有人甚至借机搞政治秀，丝毫不顾忌乘人之危的道义之失。 美国一些人自以为是的傲慢心态非常荒谬，他们好像从来都没有认真看看，或者好像从来没有兴趣看看本国在应对传染病等公共卫生挑战方面的记录。2016年，寨卡病毒在美洲大陆肆虐，美国出现大量感染病例。为遏制病毒传播，美国政府当年2月要求国会紧急拨款19亿美元，却遭遇颇具美国特色的党派纷争——两党明明对拨款重要性有共识，却因为在立法策略上有争夺，导致相关拨款议案一拖再拖，直到7个月后才拿出第一笔11亿美元拨款。当时，美国本土和海外领地波多黎各已有超过2.3万人感染寨卡病毒，其中包括受该病毒危害最深的孕妇2000多名。另外，还有超过20名婴儿已被发现患有与寨卡病毒相关的先天缺陷。 抗击疫情关键时刻的行动，确实能够反映国家治理能力高下。国家治理应以人民需求为要，民众所盼当是政府所急。而美国因党派政治分歧耽误疫情应对，于情于理，都是讲不通、站不住的。2009年，美国政府面对肆虐的甲型H1N1流感，先是对外表示“无需拉响警报”，随后又突然宣布紧急状态，许多专家认为这是“误导了世界”。最终，甲型H1N1流感蔓延至214个国家和地区。美国政府在为公众提供疫苗的问题上也放了“空炮”，先是对外承诺到当年10月将有1.6亿支甲型H1N1流感疫苗可用，而真正准时到位的只有不到3000万支。当年12月，美国健康信托的报告指出，公共卫生部门裁员和削减支出，削弱了美国流感防控工作。 美国一些人指摘起别国总是摇头晃脑、滔滔不绝，却对本国面对疫情时的体制脆弱性满不在乎。美国并不完美，正如许多美国公共卫生专家强调的，美国并没有为应对大型传染性疾病挑战做好充分准备。哈佛全球卫生研究所所长阿希士·吉哈博士警告：“在所有可以迅速和意外地杀死数以百万计美国人的事情中，流行疾病也许是最有可能发生的一种……也是我们在预防工作上投资最少的一种。” 在突发公共卫生事件面前，各国应该互相帮助、取长补短。他国的成功实践，可以成为本国的有益借鉴。近日，美国人士马意骏撰文比较2009年甲型H1N1流感与当前的新冠肺炎疫情，在全球社交媒体“领英”上引起广泛关注。马意骏指出，美国政府2009年花了6个月才宣布进入全国紧急状态，且甲型H1N1流感造成的死亡情况也被大大低估，直到3年后才更新。在其看来，与2009年的情况相比较，当前一些人质疑中国抗击疫情的努力显得很“怪异”，世界应该为中国前所未有的、广泛的、强有力的反应而鼓掌。 美国一些人以傲慢与冷漠心态对中国防控疫情的努力妄加指责时，其真正关心的并不是如何尽早控制住疫情，并不是各国人民的生命安危。在这些人的“看客”做派背后，藏着见不得阳光的计算“加分”与“失分”的私家账本。但是，违背道义者，终究枉费心机。面对全球共同的卫生挑战，执意搞不得人心的“政治化”操作和泯灭人性的恶意攻击，只能落得在世道人心中大大失分的下场。',' 人民日报','2020-02-13',0),(98,'民航局呼吁有关国家尽早取消相关限制措施保障旅客健康出行','新华社北京2月12日电（记者齐中熙）民航局国际司司长梁楠12日表示，民航局希望有关国家能够遵循世界卫生组织和国际民航组织的建议，尽早取消相关限制措施，中国民航愿意与各国加强沟通与合作，采取严格的防疫措施，共同保障旅客健康出行。 她说，受新冠肺炎疫情影响，中国民航的国际航空运输遇到严重挑战。不少中外航空公司基于市场商业原因被迫削减航班。对此民航局充分理解，并积极处理相关航班的调整。同时，民航局迅速组织、审批包机解决由此产生的双向旅客滞留问题。 “目前，仍有一些国家采取了过度反应措施，例如要求暂停往返中国的国际航班，或是采取了入境管制措施。这些政府行政指令和限制措施对全球国际航空运输市场造成了负面影响，给有国际旅行需求的旅客带来极大的不便，这其中既包括大量中国公民滞留海外，也包括大量外国公民难以回国。”梁楠说。 她说，民航局及时主动向国际民航组织通报中国政府以及中国民航对国际航班采取的防疫措施，并加强与通航国家的民航当局沟通协调，促请各国能够按照相关国际组织的建议，谨慎考虑采取限制措施，特别是不应通过政府行政指令的方式要求航空公司停航，尽最大可能减少疫情对国际航空运输带来的消极影响。 1月30日、2月4日，国际民航组织连续发出公告和新闻，敦促各缔约国政府应遵循世界卫生组织的建议，不采取限制国际旅行和贸易的措施，不强制实施与《国际卫生条例》不符的限制措施，避免导致对国际航空运输不必要的消极影响。此外，国际航空运输协会、亚太航空运输协会等航空公司行业组织称赞中方应对疫情措施，呼吁各国政府不要过度反应。 截至2月11日，已有40余个国家的航空当局予以积极回复。','新华社','2020-02-14',0),(99,'沙特狂风战斗机在也门被击落 遭导弹猎杀全程曝光','【环球网军事报道】据《卫报》2月15日报道，沙特领导的军事联盟发表声明称，一架隶属于沙特空军的战斗机14日在也门坠毁。该联盟在声明中称，坠毁的是一架沙特空军的“狂风”战斗机，当天在也门北部的贾瓦夫省执行任务时坠毁。声明未提及飞行员的伤亡情况以及坠机的具体原因。 当天，也门胡塞武装也通过其电视台称，使用地空导弹击落了一架在也门上空的沙特战斗机。通过残骸碎片的一些标志对比可以发现，这应该就是沙特领导的军事联盟声明中坠毁的“狂风”战斗机。 据也门胡塞武装电视台报道，周六在胡塞武装控制的地区发生了多起沙特联军空袭，造成数十人死亡或受伤。胡塞武装部队发言人叶海亚·萨里阿通过胡塞武装控制的电视台说，该武装在焦夫省西南部使用一枚“先进的地对空导弹”击落一架联军战机。但他并未透露更多细节。 胡塞武装随后还公布了击落这架战斗机的全过程，可以看到胡塞武装等待这架战斗机多次释放干扰弹后，从地面发射了一枚防空导弹，随后画面中战斗机被导弹击中坠毁。胡塞武装人员迅速赶到了坠机地点检查，现场一片狼藉，残骸散落一地。 2014年9月，也门胡塞武装夺取首都萨那，后又占领也门南部地区。2015年3月，沙特阿拉伯等国对胡塞武装发起代号为“果断风暴”的军事行动。2018年12月，在联合国斡旋下，也门政府和胡塞武装就荷台达停火、战俘交换等重要议题达成一致，但不久双方就互相指责对方破坏停火协议。','环球网','2020-02-16',0),(100,'6架“胖妞”飞抵武汉！网友：看到中国空军瞬间泪目','【环球网军事报道】2月13日上午九时起，11架运输机，包括多架运20、伊尔76、运9，陆续降落在武汉天河机场，近1000名军队支援湖北医疗队队员和大批医疗物资抵达抗疫一线。 据现场直播画面显示，6架运-20运输机、4架伊尔-76运输机和2架运-9运输机依次降落。这是运-20、运-9两型国产运输机首次参加医疗物资运送任务，同时也是运-20首次执行大型非战争军事任务。 看到中国空军国产最先进军用运输机投入到抗疫一线，在直播评论区中是一片“掌声”，为中国空军送祝福，为武汉加油，还有不少网友感动落泪。 运-20运输机代号“鲲鹏”，是中国自主研发的新一代大型军用运输机，由中航工业西安飞机工业集团研发并制造。该机参考俄罗斯伊尔-76的气动外形和机体结构，并融合了美国C-17的部分特点。与中国空军现役伊尔-76比较，运-20的发动机和电子设备有了很大的改进，载重也有提高。 2013年1月26日下午14时整，运-20在阎良基地顺利升空，首飞圆满成功。运-20的成功首飞，标志着中国航空工业的一次重大突破，中国拥有了属于自己的大型运输机，是中国空军建设战略空军的一座里程碑。 此前，据“空军发布”官方微信报道，按照中央军委命令，空军2月2日凌晨出动8架大型运输机，分别从沈阳、兰州、广州、南京起飞，向武汉紧急空运795名军队支援湖北医疗队队员和58吨物资，上午9时30分全部抵达武汉天河机场。这是继汶川、玉树抗震救灾之后，空军参与非战争军事行动同时出动大型运输机数量最多的一次。 2日凌晨1时30分，中部战区空军航空兵某师8架大型运输机，先后从某军用机场冒雨起飞，凌晨4时开始分别抵达沈阳桃仙机场、兰州中川机场、广州白云机场、南京禄口机场。在上述四地完成医疗人员和物资装载之后，8架大型运输机再次升空飞赴武汉。上午8时55分开始，8架大型运输机每间隔5分钟依次降落在武汉天河机场。','环球网','2020-02-13',0),(101,'美军舰在海上截获上百枚伊朗导弹，目的地是也门','【环球网报道 记者 徐璐明】美国海军声称在中东海域上截获了上百枚伊朗制造的导弹，它们正在运送给也门胡塞武装的途中。 据美国海军官网2月14日报道，当地时间2月9日，美国海军的“诺曼底”号导弹巡洋舰在中东海域执行海上安全任务时，查获了一艘单桅帆船，在船上起获了大量武器，其中包括150枚“Dehlavieh”反坦克导弹，这种导弹是俄制“号角”导弹的伊朗仿制版本。 报道称，这些被截获的武器及其他零部件都是伊朗研制和生产的，包括3枚伊朗制造的地空对导弹、热成像武器瞄准器、无人机零部件以及其他一些弹药。其中许多武器装备，与美国海军福莱斯特·谢尔曼号驱逐舰于2019年11月25日在阿拉伯海缴获的武器完全相同。美国军方称，经确认这些武器来自伊朗，预计它们将被运送给也门的胡塞武装组织，这违反了联合国安理会禁止直接或间接向户外武装提供、出售或转让武器的决议。缴获的武器将有美军保管，等待后续处理。 另外，当天美国国务卿蓬佩奥也在社交媒体上公布了缴获伊朗导弹的消息，他表示，美国海军截获了358件伊朗制造的导弹和其他武器装备，它们正在被运往也门胡塞武装组织的途中。 目前为止，伊朗方面没有对此事进行回应。在2019年11月25日美军福莱斯特·谢尔曼号驱逐舰缴获“伊朗武器”事件中，当时的伊朗驻联合国大使霍什鲁表示，美国的这些指控是“捏造的”，表明美国在中东地区起到的是“不负责任的、具有破坏和挑衅性质的作用”。','环球网','2020-02-15',0),(102,'伊朗外长：苏莱曼尼遇害后美伊两国几近开战','【环球网军事报道】俄罗斯卫星通讯社华2月15日报道，伊朗外长扎里夫15日表示，伊朗将军苏莱曼尼被美军暗杀，美国和伊朗当时几近开战。 报道称，伊朗外长扎里夫在全国广播公司新闻（NBC News）节目中表示：“我认为，如果总统特朗普相信美国可以逃脱惩罚，并将加强美国的安全，那么特朗普糊涂了。相反的是，我们已经几近开战，因为美国侵略了伊朗。” 扎里夫称，暗杀苏莱曼尼的行动是卑鄙的。他表示，伊朗的回应是对等的。 他补充说：“我们希望向美国展示，他们没能侮辱伊朗，针对伊朗的行动会有后果”。 美军1月3日凌晨针对伊斯兰革命卫队特种部队“圣城旅”旅长卡西姆·苏莱曼尼展开清除行动。除苏莱曼尼外，遇袭身亡者中还包括什叶派民兵武装副指挥阿布·马赫迪·穆罕迪斯，美国国务卿蓬佩奥此前指责穆罕迪斯去年12月31日攻击美国驻巴格达大使馆。伊朗最高领袖哈梅内伊誓言要为苏莱曼尼复仇。','环球网','2020-02-15',0),(103,'美军新型航母舰载机交付 能运送整个F-35C战机发动机','【环球网军事报道】据美国海军研究协会网站2月10日报道，制造商近日向美国海军交付了首架CMV-22B舰载运输机。 报道称，经过四年的研制和生产，制造商贝尔直升机公司和波音公司在其位于得克萨斯州的装配工厂内，将一架CMV-22B舰载运输机交付美国海军。“没有什么比快速交付能力更重要的了”，美国海军负责研发和采购的助理部长詹姆斯·吉尔茨在一份声明中说。他表示：“该项目团队使用非传统的方法，来缩短CMV-22B运输机的研制周期，这点让我感到很骄傲。” 这架飞机接下来将交由美国海军第21航空试验鉴定中队进行下一步的开发测试。CMV-22B运输机的首飞是在去年的12月，计划将于明年进行部署，将与第一支投入部署的F-35C舰载战斗机中队一同登上卡尔·文森号航空母舰。这艘航母目前正在干船坞中进行升级，为未来搭载F-35C舰载机做准备。 报道称，CMV-22B舰载运输机将是F-35C上舰的关键，因为该机有能力装运F-35战斗机的发动机模块，这是F-35C上舰必须解决的关键后勤保障问题。CMV-22B运输机是在美国海军陆战队的MV-22B“鱼鹰”倾转旋翼机基础上研发，但有一些关键区别。 美国海军在一份声明中说：“CMV-22B运输机将能够在1150海里（约2130千米）范围内运送6000（约2722千克）磅重的人员或物资，其航程的扩大主要得益于在机翼上新增了两个60加仑（约227升）的油箱。”另外，CMV-22B运输机还安装有超视距高频无线电系统、公共广播系统以及改进型的货物装在照明系统。该机将用于取代自上世纪60年代就在航母上执行运输任务的C-2A“灰狗”运输机。','环球网','2020-02-13',0),(105,'与自然和谐相处：南极长城站的企鹅与贼鸥','长城站贼鸥湖里戏水的贼鸥（2月10日摄）。 近日，“雪龙2”号极地科考破冰船停泊在南极长城站附近海域卸货。卸货期间，记者在长城站采访，看到这里的科考队员保护环境，人与自然和谐相处。 长城站是中国第一个南极科学考察站，1985年2月建成，位于南极洲南设得兰群岛的乔治王岛上。站区里生活着一群怡然自得的贼鸥，它们的家——贼鸥湖，与长城站科考队员的生活区相邻，相距不足60米远，两者之间是一片难得的黄绿色苔藓地相连。 在贼鸥湖边及长城站附近的海边，不时有一只或一群企鹅光顾。它们或游走于其间，或卧眠于一处，与科考队员和平相处，宛如一家。 新华社记者 刘诗平 摄 长城站站区里的企鹅（2月9日摄）。新华社记者 刘诗平 摄 长城站站区里的企鹅（2月8日摄）。新华社记者 刘诗平 摄 长城站贼鸥湖边苔藓地上的两只贼鸥（2月9日摄）。新华社记者 刘诗平 摄 长城站站区里的企鹅（2月9日摄）。新华社记者 刘诗平 摄 长城站站区海边的企鹅（2月9日摄）。新华社记者 刘诗平 摄 长城站贼鸥湖中及岸边的贼鸥（2月10日摄）。新华社记者 刘诗平 摄 长城站贼鸥湖里戏水的贼鸥（2月9日摄）。新华社记者 刘诗平 摄 长城站站区里的企鹅（2月10日摄）。新华社记者 刘诗平 摄 长城站站区里的企鹅（2月10日摄）。新华社记者 刘诗平 摄 长城站站区主体部分鸟瞰，右侧路边的小湖为贼鸥湖（无人机照片，2月8日摄）。新华社记者 刘诗平 摄','新华网','2020-02-14',0),(111,'澳大利亚：旅游禁令严重打击赴澳中国游客市场','据澳洲网报道，澳大利亚旅游协会主席哈特近日表示，来澳中国游客市场平均每周为澳大利亚经济贡献7.11亿澳元，但在新冠肺炎疫情暴发后，政府的旅游禁令令来澳中国游客市场“停滞不前”，造成极大损失。 《澳大利亚人报》12日报道称，哈特表示，中国游客市场的损失使澳大利亚旅游遭受双重打击。此前，恐怖的山火危机已对旅游业造成了影响。 他说：“这相当令人担忧，特别是因为中国游客市场目前应该比平均水平提供更多的收益，因为我们正处于中国农历新年的旅游旺季。由于山火，我们失去了度假季节的高峰期，现在我们也失去了亚洲旅游季节的高峰期。” 同时，哈特还强调称中文旅游项目等一些业务受到的影响尤为严重。在黄金海岸、凯恩斯和塔州，很多中文旅游项目都非常受欢迎，但如今他们将面临非常艰难的处境。” 与此同时，昆州州长帕拉兹克此前也表示，昆州的旅游运营商的经济损失可能飙升至近4亿澳元。 他说，“最大的10家运营商报告称，贸易额下降了15%至20%。这影响了3500个企业和4.2万个工作岗位。在昆州北部，预计当地企业每天损失约550万澳元。到明年3月，损失可能高达3.5亿澳元。”','网 中国新闻网','2020-02-14',0),(112,'国际社会：中国交出出色抗疫成绩单，战疫胜利后更加强大','中国日报网2月25日电 中国有力应对新冠肺炎疫情，得到国际社会赞赏。多国政要表态称，中国交出出色抗疫成绩单，相信中国将在经历疫情考验后变得更加强大。海外网友纷纷表示，中国政府迅速、有效应对疫情，为其他国家争取了时间，感谢你们。 国际政要：中国交出出色抗疫成绩单 瑞士联邦主席索马鲁加日前对中国政府采取的防控措施表示赞赏，对病亡者家属表示同情和慰问，表示瑞士愿支持中国共同抗击疫情。瑞士联邦外交部官员也明确表示与中国和中国人民站在一起，相信中国一定能够战胜疫情。 疫情发生后，瑞士联邦政府多次表明没有计划对中国实施“禁航”，中国公民入境瑞士不受限制，两国经贸活动也未受干扰。对因故滞留在瑞士的中国公民，瑞士联邦政府采取了非常友好的举措，延长他们的签证有效期，并公布各州受理机构信息。瑞士政府采取的理性举措对安抚民众情绪、消除恐慌心理发挥很好作用。 亚美尼亚总统阿尔缅·萨尔基相表示，亚方高度赞赏中方采取有力措施应对疫情并取得明显成效，愿与中方继续合作共同抗击疫情。 他深信中国人民一定能够最终取得抗击疫情的胜利，尽快恢复正常生活。作为中国的友好伙伴，亚方愿为中方抗击疫情提供支持和帮助。 土耳其总统府发言人易卜拉欣·卡伦近日表示，中国应对新冠肺炎疫情的防控举措认真而透明，土耳其将继续支持中国的防控工作。 卡伦在18日举行的新闻发布会上说，自新冠肺炎疫情发生以来，中国积极采取一系列防控措施阻止疫情蔓延，同时毫无保留地与世界卫生组织及其相关成员分享信息，交出了一份出色的成绩单。当然，中国正面临着严峻的考验。任何人都不希望自己的国家出现这样的事情。土耳其将与中国站在一起，支持中国政府抗击疫情。 国际政要：中国经济会在疫情结束后继续其良好发展态势 在中国人民奋力抗击新冠疫情的关键时刻，吉尔吉斯共和国前总理卓奥玛尔特·奥托尔巴耶夫2月22日发表文章，对中国人民表示崇高的敬意与钦佩、亲切的问候与坚定的支持。 他表示，中国目前所进行的这场“人民战争”不仅是对中国自身负责，也是对全世界负责；中国会赢得这场“战争”，中国经济的基本面、韧性和潜力都很大，经济增长会在疫情结束后继续其良好发展态势。 加纳总统阿库福—阿多2月20日在议会发表2020年国情咨文，其间就中国抗击新冠肺炎疫情表达支持。 阿库福—阿多总统说，现在中国正与新冠肺炎疫情作斗争。在此危急时刻，我们与中国人民感同身受。我已向中国政府和人民转达加纳人民的支持与慰问。中国为遏制病毒扩散出台了有力措施。我们相信，噩梦终将过去，中国将摆脱疫情的严重影响，经济将会尽快恢复。 突尼斯总理沙赫德近日专程到中国驻突使馆慰问，表达对中方抗击疫情的支持。 他表示，中方采取的有力措施不仅使疫情得到有效控制，更为阻止疫情向世界蔓延作出巨大贡献。突方愿尽一切努力协助中方抗击疫情，相信中国将在经历疫情考验后变得更加强大。 海外网友：中国政府迅速、有效应对疫情 推特用户Ace1241说：中国很快就会赢得这场斗争，比大多数人所预期的要早。我们向中国人民送上最美好的祝福。武汉加油！ 推特用户emma sloan说：病毒将会消失，人类将会获胜。我相信中国将会打败病毒，因为中国人民采取了坚决且富有牺牲精神的行动。他们给其他国家的人民争取了时间。加油，谢谢你们。 推特用户Adil O. Abdullah说：我的祖国支持中国政府抗击新冠肺炎病毒，我为此感到骄傲。我们的政府向中国送去了70吨的医疗补给物资，干得不错。武汉和全中国都要平安康泰。 推特用户Peggy-bridge cutter说：亲爱的朋友们，新冠肺炎疫情在武汉和周边城市暴发。所幸，中国政府采取了迅速、有效的行动。 推特用户SHLiung2月17日说：目前已经有10844名新冠肺炎患者出院。希望你们平平安安，武汉加油。 推特用户Caribbean disaster说：一名菲律宾官员表示，想要对中国人民说，你们加油。世界各地的政治家和专家纷纷表示，对中国战胜新冠疫情很有信心。 （资料来源：新华社、央视网、人民网、国际在线等）','中国日报网','2020-02-26',0),(113,'战“疫”每日观察丨习近平为何语重心长提出增强“谨慎之心”','“这是一次危机，也是一次大考。” 习近平总书记在2月23日发表的重要讲话里提出，各级干部特别是领导干部必须增强必胜之心、责任之心、仁爱之心、谨慎之心。 其中，在谈到增强谨慎之心时，他强调，“对风险因素要有底线思维，对解决问题要一抓到底，一时一刻不放松，一丝一毫不马虎，直至取得最后胜利”。 习近平总书记为何在此时语重心长提出增强“谨慎之心”，值得我们深思。 23日，他还提到了自己两年前讲过的一句话。2018年1月，在学习贯彻党的十九大精神专题研讨班开班式上，习近平总书记列举了8个方面16个具体风险，其中提到，“像非典那样的重大传染性疾病，也要时刻保持警惕、严密防范”。 就在两年前的这一讲话中，习近平总书记提出了“三个一以贯之”。其中之一，就是“增强忧患意识、防范风险挑战要一以贯之”。 谨慎之心，就是要始终保持底线思维，增强忧患意识，着力防范和化解重大风险；就是在某项工作、某项事业取得进展的时候，不沾沾自喜，不放松懈怠，不故步自封，而是一鼓作气、一以贯之，直至取得最后胜利。 对照当前的疫情防控和经济社会发展重任，“谨慎之心”的分量，掂得出来。 “谨慎”二字，在中国共产党人的思想传承中是有渊源的。1945年4月，毛泽东同志在党的七大上致开幕词时说，“我们应该谦虚、谨慎、戒骄、戒躁，全心全意地为中国人民服务”。四年后，1949年3月，他在党的七届二中全会上提出了“两个务必”的著名论断——“务必使同志们继续地保持谦虚、谨慎、不骄、不躁的作风，务必使同志们继续地保持艰苦奋斗的作风”。 明者防祸于未萌，智者图患于将来。 中国共产党是一个生于忧患、成长于忧患、壮大于忧患的政党。“谨慎之心”，是我们党的传家宝。 党的十八大以来，底线思维、忧患意识、问题导向， 一直是习近平总书记着重强调的——党的十九大召开前夕，他在“7·26”重要讲话中强调，要“从最坏处着眼，做最充分的准备，朝好的方向努力，争取最好的结果”。在党的十九大报告一开篇，他就强调，“全党同志一定要登高望远、居安思危”。 在2018年1月的那次开班式讲话中，习近平总书记说，“越是取得成绩的时候，越是要有如履薄冰的谨慎，越是要有居安思危的忧患”。2018年12月，在庆祝改革开放40周年大会上，他在充分总结了辉煌成就、宝贵经验之后，话锋一转，强调“我们现在所处的，是一个船到中流浪更急、人到半山路更陡的时候，是一个愈进愈难、愈进愈险而又不进则退、非进不可的时候”。 安不忘危、存不忘亡、乐不忘忧。 去年1月，中央专门召开了一次“省部级主要领导干部坚持底线思维着力防范化解重大风险专题研讨班”。9月，在中央党校（国家行政学院）中青年干部培训班开班式上，习近平总书记的一段话，可谓语重心长——“领导干部要有草摇叶响知鹿过、松风一起知虎来、一叶易色而知天下秋的见微知著能力，对潜在的风险有科学预判，知道风险在哪里，表现形式是什么，发展趋势会怎样，该斗争的就要斗争”。 这次新冠肺炎疫情发生后，习近平总书记亲自指挥、亲自部署，迅速形成全党动员、举国动员之势，形成抗击病魔的强大合力，并已取得阶段性成效。这跟近年来全党同志、全国上下的风险意识、忧患意识，以及用底线思维来谋事、做事的能力普遍提高，有很大关系。 但也有“谨慎之心”不足之处、不足之人。这次在应对疫情中暴露出的明显短板，提醒我们，必须总结经验、吸取教训，不断完善我国的重大疫情防控体制机制、公共卫生应急管理体系。一些干部，则被疫情这面镜子，照出了“治理能力和专业能力明显跟不上”的短板。少数干部之所以“表现不佳甚至很差”，原因之一，恐怕也是缺少底线思维，对风险预判不足、准备不足。 既充满自信，又充满忧患意识 ——两个“充满”，缺一不可。如果被一时的胜利、成就冲昏头脑，就容易丢了谨慎之心。有些干部觉得老把风险、忧患挂在嘴边，是不是就显得没自信了？这种不应有的顾虑，恰是把“必胜之心”和“谨慎之心”对立了起来。 必胜之心、责任之心、仁爱之心、谨慎之心，四个“心”是辩证统一的。越是有必胜的信念，越要有如履薄冰的谨慎。增强谨慎之心，才能把责任担起、把责任尽到。带着谨慎之心，才能更知群众的冷暖安危，更能防微杜渐，及时解决群众所急所忧所思所盼。 在习近平总书记2月23日所作重要讲话中，“谨慎之心”的精神内涵，不仅在直接谈及这四字之处，还体现在很多地方—— “经济社会是一个动态循环系统，不能长时间停摆” ——这里体现着谨慎之心：要防止局部风险演化为区域性或全局性风险，防止短期风险演化为长期风险。 “推动医防结合，真正把问题解决在萌芽之时、成灾之前” ——这是要把防微杜渐、主动化解风险的意识，更深入地体现在制度建设和治理能力建设中。 “必须高度警惕麻痹思想、厌战情绪、侥幸心理、松劲心态”“不获全胜决不轻言成功” ——这也体现着谨慎之心：对这场疫情防控人民战争、总体战、阻击战，要一抓到底，一时一刻不放松，一丝一毫不马虎，直至取得最后胜利。 今天，大战行至胶着、吃劲之际，大考正攻最难、最险之题。习近平总书记恰在这时语重心长地提出增强“谨慎之心”，深意可知。 谨慎在握，方有胜算在握。这是个朴素、管用的道理。 （文丨特约评论员 杨禹）','央视新闻客户端','2020-02-26',0),(114,'胡锡进：你们的牙齿为什么专门咬自己的同胞？','疫情正在中国被逐渐控制住，同时它在中国境外出现汹涌暴发。对于从韩日到意大利、伊朗的沦陷，中国人有表现出兴高采烈的样子吗，有哪些有影响的声音做了不像话的挖苦吗？老胡找来找去没看到有啥重量级的。倒是一篇骂中国人自己家漏水淹了楼下的房间，然后对楼下人家酸言酸语的文章把老胡惊着了。这人是骂谁？噢，他大概是骂网上一些不知道是什么人的跟帖吧。 有意思。 美国的参议员在第一时间把新型冠状病毒称为“中国病毒”，美国主流媒体华尔街日报公然登出题为《中国是真正的“亚洲病夫”》的评论，韩国激进人士在大街上开着广播车公然叫骂“中国人滚出去”，我觉得，这叫真正的恶劣。 中国少数网友说“他们不会抄中国的作业”，当然也不好。不排除其中有人是为那些国家着急，但这种声音会让正受疫情冲击的国家不舒服，不应该说。那些国家确实也有值得反思的地方，但那是人家的事情，我们这时应该多展现是同情。 网上的个别挖苦声音对中国社会决不具有代表性，不知道为什么就能让个别“高尚者”暴跳如雷，刺激了他们想要教训国人的冲动。我反过来要问那些指责中国社会没素质、不会做人的教师爷，美国参议员和华尔街日报那样羞辱中国的时候，你们在哪？当美国商务部长说，这场疫情有助于中国的就业岗位跑到美国去的时候，你们又在哪？我怎么觉得你们像是洋大人训出来的文化警犬，专门用你们的牙齿来咬中国人的呢？ 老胡在昨天的微博中也强烈批评了山东个别社区出于惊慌而贴出的“韩国日本回来人员禁止进入”牌子，我呼吁必须要善待疫情严重国家来的人，还呼吁随着中国疫情缓解，将腾出来的一些医疗资源支持目前疫情危急的国家，承担中国应尽的大国义务和责任。 但我同时看到，中国社会面对他国痛苦时的态度，要远远好于美国和少数西方国家在中国危难时的表现。中国有些网友有点情绪，说了不该说的话，但和那些国家互联网上一些极其恶毒的语言相比，相对要温和得多。 骂中国地板漏水淹了楼下，还对楼下人家酸言酸语的人，看来完全不了解这个世界，钻在自己咬文嚼字的几本书里，以为那上面的江湖就是世界，然后怎么看怎么觉得中国人就像一个“丐帮”。劝他们还是抬眼好好看看这个真实的世界，从对比中既看到中国人的弱点，也重新认识中国人的美德，别总用自己的小肚鸡肠来想象我们这个民族。','胡锡进微博','2020-02-28',0),(115,'习近平同法国总统马克龙通电话','新华社北京3月23日电 国家主席习近平23日晚同法国总统马克龙通电话。 习近平强调，今年1月以来，在抗击新冠肺炎疫情的关键时期，我同总统先生3次通话，充分体现出我们之间的高度互信以及中法关系的高水平。两国发扬彼此同情支持的友好传统，相互援助医疗防疫物资，为各国人民守望相助、共克时艰树立了榜样。我密切关注当前欧洲和法国疫情发展。法方正在采取一系列积极有效防控措施，我向法国政府和人民致以诚挚慰问并表示坚定支持。中方愿继续向法方提供力所能及的支持和帮助。 习近平应询介绍了中方疫情防控的形势，强调中法共同肩负着维护国际和地区公共卫生安全的艰巨责任，双方应精诚合作，推进联合研究项目，加强国境卫生检疫合作，支持世卫组织工作，共同帮助非洲国家做好疫情防控，努力打造卫生健康共同体。中方愿同法方一道，推动有关各方加强在联合国、二十国集团等框架下协调合作，开展联防联控，完善全球卫生治理，帮助发展中国家和其他有需要的国家加强能力建设，抵御疫情给世界经济带来的冲击，让合作的阳光驱散疫情的阴霾。 马克龙介绍了当前法国国内疫情形势及采取的有关措施。马克龙表示，中国政府和中国人民以巨大的勇气和果断的措施，在短时间内有效控制住疫情，我对此表示高度赞赏。法方由衷感谢中方提供的宝贵支持和帮助。法方愿同中方开展双边卫生合作，并共同推动各方在二十国集团、世卫组织等多边框架内加强合作，携手战胜疫情，应对疫情给世界经济带来的冲击。 两国元首同意保持密切沟通，推动双边各领域交往合作，确保中法关系继续在高水平上向前发展，维护中法、中欧产业链、供应链稳定。','新华网','2020-03-24',0),(116,'中国支援见证“风月同天”','用汉语拼音书写“谢谢，我爱你中国”；噙着泪水感叹“中国人，真朋友”；在阳台奏响《义勇军进行曲》，引来社区越来越多人加入，形成气势如虹的合奏……新冠肺炎疫情发生以来，中国危难时刻的真诚援助，让外国民众由衷感动。世界各地上演一幕幕感人场景，回应着中国政府和人民的深情厚谊，激发着全球携手抗疫的坚定信念。 疫情没有国界，人间自有真情。“中方秉持人类命运共同体理念，愿同各国分享防控有益做法，开展药物和疫苗联合研发，并向出现疫情扩散的国家提供力所能及的援助。”习近平主席在二十国集团领导人应对新冠肺炎特别峰会上的重要讲话，既是真诚的宣言，更是有力的行动。在全球抗疫的关键时刻，“中国邮包”火速派发，“中国专家”陆续出征，“中国经验”倾囊相授……对外抗疫援助，是新中国成立以来援助时间最集中、涉及范围最广的一次紧急人道主义行动。 山川异域，风月同天。中国人民永远不会忘记，在中国抗击疫情最困难的时候，国际社会所给予的支持和帮助。江苏无锡新吴区当初收到友好城市日本丰川市捐赠的4500只口罩，在得知友城物资告急后，迅速组织返捐5万只口罩；意大利当初赠送中国4万只口罩，中国回赠达数百万只；俄罗斯曾送来200万只口罩，此后通过各种渠道收到1.5亿只来自中国的口罩；美国社会各界人士曾纷纷向中国抗疫伸出援手，现在中国已经累计向美国提供口罩超过66亿只……统计显示，中国已经或正在向150多个国家和国际组织提供急需的医疗物资援助，并积极为各国在华进行商业采购提供便利。滴水之恩，涌泉相报，这是中华民族赓续千载的优良传统，也是流淌在中华民族血脉里的道德基因。 新冠肺炎疫情在全球蔓延，给人民生命安全和身体健康带来巨大威胁。真诚尊重每一个生命、全力拯救每一个病患，保护好本国人民的生命安全和身体健康离不开人道主义精神，打赢疫情防控全球阻击战同样离不开人道主义精神。疫情发生以来，向多个国家派遣抗疫医疗队、建立疫情防控网上知识中心、举行数十场专家视频会议、提供大量抗疫物资援助……中国在继续做好国内疫情防控的同时，在力所能及的范围内向有需要的国家提供援助，这是出于守望相助、同舟共济的价值理念，也体现了中国人民的善良与爱心。正因如此，中国从不会在朋友有难时袖手旁观、避而远之，更不会在伸出援手时夹杂私利、附加条件。这样的努力值得尊重，这样的付出已被历史铭记。 “我们是同海之浪，同树之叶，同园之花”。正如中国对外提供的援助物资上写的这句意大利名言，人类只有一个地球家园，各国共处“地球村”。这场突如其来的疫情警示世人，面对人类共同的敌人，没有任何国家可以独善其身。当前，抗击疫情早已不是一国一城的事情，而是维护全球公共卫生安全之战、维护人类健康福祉之战、维护世界发展繁荣之战。中国的对外抗疫援助，是秉持初心而不是收买人心，是计天下利而不是谋私利，这是中国在国际交往中坚持正确义利观的自觉行动，是践行人类命运共同体理念的责任担当。 在全球疫情大考面前，没有哪个国家可以孤军作战，没有任何地方能成世外桃源。人类是一个休戚与共的命运共同体，不是政治性的宣示，而是每天发生在我们身边的现实。只有每个国家都有效控制疫情，全球才有公共安全可言。正因如此，中国尽己所能帮助他人，愿望是真诚的，行动是自觉的。正因如此，中国将始终同各国安危与共、风雨同舟，为国际社会抗击疫情积极贡献中国智慧、中国经验、中国力量。因为我们知道，只有各方携手同心，才能实现战疫完胜。','人民日报','2020-05-12',0),(117,'人民日报评论员：艰苦卓绝的努力 来之不易的成绩','在新冠肺炎疫情防控期间，逆行者的身影感动了无数人。现在，向疫情防控中那些平凡又伟大的身影致敬，成为全社会的风尚。义无反顾、逆行出征，这些光明的使者、希望的使者身上，展现着中国人民面对病毒的英勇无畏，彰显着中国抗击疫情的勇毅担当。 这是一场看不到硝烟却看得见牺牲的人民战争，这是一场听不到炮火却听得见冲锋的顽强阻击战。从沿海到内陆，从青壮到老幼，中华儿女以血肉之躯在神州大地上筑起新的钢铁长城，与疫情展开了气壮山河的殊死搏斗，书写了可歌可泣的时代篇章。“经过艰苦卓绝的努力，武汉保卫战、湖北保卫战取得决定性成果，疫情防控阻击战取得重大战略成果，统筹推进疫情防控和经济社会发展工作取得积极成效。”习近平总书记在党中央召开的党外人士座谈会上的重要讲话，引发强烈共鸣。 亲身经历，更能体会艰苦卓绝这四个字的分量。春节本是走亲访友、旅游出行的美好节日，没有人比中国人更懂得春节的含义，但人们戴口罩说戴就戴、不出家门说宅就宅。从1月23日到4月8日的76个日日夜夜，武汉人民克服各种难以想象的困难，勇毅投身疫情防控斗争。身患渐冻症的武汉市金银潭医院院长张定宇说：“我必须跑得更快，才能从病毒手里抢回更多的病人”。“95后”护士李慧奋不顾身：“如有不幸，捐献我的遗体研究攻克病毒”。“钢铁书记”王琼拖着打了一块钢板、三颗钢钉的右腿逐户排查，一天下来从膝盖肿到脚踝。面对危难，党员干部冲锋在前，白衣天使日夜奋战，解放军指战员勇挑重担，社区工作者挺在一线，公安干警坚守岗位，环卫工人不避风险，运输人员日夜兼程，外卖小哥四处奔波，志愿者竭尽所能……没有人是旁观者，所有人都在不遗余力、倾力奉献，有的甚至为之付出了宝贵生命。我们永远不能忘记，4600多名同胞不幸罹难，一批医务人员、干部职工、社区工作者因公殉职。世界卫生组织驻华代表在给武汉中学生的回信中这样写道：疫情“向我们展示了中国人的更多面，包括你们的坚韧、爱心和乐于助人的精神”。“谢谢你，每一个平凡的中国人”，这是世人发自肺腑的心声。 正如马克思曾指出的，如果斗争是在极顺利的成功机会的条件下才着手进行，那么创造世界历史未免就太容易了。当未知病毒对人类发起突然袭击，中国人民万众一心、众志成城打响了疫情防控阻击战，也同时意味着我们的每一步前进都极为不易，面临的困难和问题超乎想象。但惟其艰难，才更显勇毅；惟其笃行，才弥足珍贵。面对新冠病毒这个狡猾的人类“天敌”，面对传播速度极快、防控难度极大的严重疫情，在党中央坚强领导下，全国上下各条战线闻令而动、迎难而上、勠力同心、守土尽责，全国人民同舟共济、守望相助、坚韧不拔、无私奉献，用一个多月的时间初步遏制了疫情蔓延势头，用两个月左右的时间将本土每日新增病例控制在个位数以内，用3个月左右的时间取得了武汉保卫战、湖北保卫战的决定性成果。习近平总书记指出：“对我们这样一个拥有14亿人口的大国来说，这样的成绩来之不易！”联合国秘书长古特雷斯称赞：中国在遏制新型冠状病毒的传播中做出了“了不起”的努力。 一项对全球23个经济体的1.25万名民众进行的在线调查显示，中国民众对政府抗疫的满意度最高，85%的中国受访者认为中国在疫情过后会更强大。这场艰苦卓绝的抗疫斗争深刻启示我们，有党中央坚强领导，有中国特色社会主义制度显著优势，有强大的动员能力和雄厚的综合实力，有全党全军全国各族人民的团结奋斗，我们一定能战胜前进道路上的一切艰难险阻，不断从胜利走向新的胜利。 全国两会召开在即，肩负谋划部署今年经济社会发展目标任务的重要使命。让我们更加紧密地团结在以习近平同志为核心的党中央周围，凝心聚力、攻坚克难，确保完成决战决胜脱贫攻坚目标任务，全面建成小康社会！','人民日报','2020-05-18',0),(118,'蓬佩奥声称中国政府威胁干涉美国记者在香港的工作，赵立坚严正回应','【环球时报综合报道】针对美国国务卿蓬佩奥声称中国政府干涉美国记者在港工作，中国外交部发言人18日进行了驳斥。 在18日的外交部例行记者会上，有记者问及：“美国国务卿蓬佩奥上周日表示，他已经注意到中国政府威胁要干涉美国记者在香港的工作，并说任何影响香港自治的决定都可能影响美国对香港地位的评估，中方对此有何评论？”发言人赵立坚回应称，一段时间以来，美方固守冷战思维和意识形态偏见，不断升级对中国媒体的打压行动，严重干扰中方媒体在美开展正常报道活动以及两国间正常人文交流。“香港事务纯属中国内政，任何外国政府组织和个人都无权干预。” 美国变相驱逐60名中国记者后，中国3月宣布驱逐《纽约时报》《华尔街日报》和《华盛顿邮报》的美国记者，要求这3家新闻机构年底前记者证到期的美籍记者“从即日起4天内向外交部新闻司申报名单，并于10天内交还记者证”。中国还要求这些美国记者“今后不得在中华人民共和国，包括香港、澳门特别行政区继续从事记者工作”，外媒认为较为罕见。驻华外国记者协会称，驱逐行动将对至少13名美国记者造成影响。（韩香）','环球时报','2020-05-19',0),(119,'不满因违反防疫禁令被吊销营业执照，美科罗拉多州一餐馆把州长告上法庭','	【环球网报道 记者 张晓雅】新冠肺炎疫情仍在美国蔓延，据美国《国会山报》25日报道，位于美国科罗拉多州的C&C Coffee and Kitchen餐厅，在母亲节当日因不顾该州防疫禁令仍开门营业，随后被有关部门吊销营业执照。如今，这家餐厅老板将州长和多个卫生部门告上法庭。 美国广播公司(ABC)地方频道称，上周末，C&C Coffee and Kitchen餐厅的两位老板——杰西(Jesse)和阿雷利亚诺(Arellano)的律师，向科罗拉多州道格拉斯县地方法院提起诉讼。诉讼称，科罗拉多州州长贾里德•波利斯无限期吊销该餐厅营业执照的举动是“非法的”。 此外，诉讼还指控科罗拉多州州长、三县卫生部门（该州亚当斯县、阿拉珀霍县和道格拉斯县）、科罗拉多州公共卫生与环境部门及其执行董事吉尔•亨萨克•瑞安(Jill Hunsaker Ryan)：“在他们（该餐厅）只是允许顾客进入其经营场所消费食品和饮料后，剥夺了他们的生计和经营能力”。 事情原委要从大约三周前说起。 据介绍，为防控新冠疫情，科罗拉多州曾发布一道临时命令，要求餐厅减少外送和免下车服务。而母亲节当天（5月10日），该餐厅因重新开业登上新闻头条。社交媒体上流传的一段视频显示，该餐厅挤满顾客，其中许多人没有戴口罩，也没有遵守社交距离准则。 就在该餐厅老板不顾当地卫生部门的警告重新开业一天后，其营业执照被无限期吊销。 该餐厅“状告”政府的诉讼称，自那以后几周内，餐厅老板“遭受了毁灭性的、可能无法克服的财务困难”，且“无法履行对债权人的财务义务，负债累累”。 不仅如此，诉讼中还质疑州长根据《科罗拉多州灾难紧急救济法案》发布有关健康指令的权力，并表示餐厅老板的宪法权利受到侵犯。 《国会山报》表示，就在这一事件发生之际，美国多州州长继续面临被要求加快步伐、解除防疫限制的压力，他们中的一些人也面临类似的法律挑战。\n','环球网','2020-05-26',0),(120,'韩国首次出现\"儿童怪病\"疑似患者 13个国家已有病例','	韩媒报道“儿童怪病”（Channel A电视台） 【海外网5月26日编译报道】据韩联社报道，韩国中央防疫对策本部26日通报称，截至当天零时，韩国出现2例被称为“儿童怪病”的小儿多系统发炎症候群疑似病例。这是韩国首次出现“儿童怪病”疑似病例。 报道称，2例患儿均在首尔地区出现，年龄分别为10岁以上和10岁以下，对其实施实时聚合酶链式反应（PCR）方式的新冠病毒检测结果均为阴性。据悉，其中1例已被判明不符合“儿童怪病”的定义。防疫部门正在对其进行全面调查。 早在今年4月，欧洲首次报告出现该病例，截至5月23日，该疾病的发病地区已扩大至全球13个国家。韩国防疫部门25日启动针对该疾病的监控体系。 该病的主要临床表现，与4岁以内婴幼儿易发的川崎病症状相似，严重时可致死，确切感染原因不明。美国此前还确诊了1例感染该病的20多岁成年患者。 5月18日，纽约市市长德布拉西奥表示，纽约市已有145名儿童诊断出小儿多系统发炎症候群，其中67人新冠病毒检测或抗体检测呈阳性。美国疾控中心已正式将该病与新冠病毒感染进行了关联。（海外网 刘强）\n','海外网','2020-05-26',0),(121,'拜登时隔两个月首次公开露面，口罩+墨镜挡脸，俄媒：这是你吗？','	【环球网报道 记者侯佳欣】据美国《国会山报》报道，当地时间5月25日，美国民主党总统竞选人、前副总统乔•拜登携夫人现身特拉华州一处退伍军人纪念园，向阵亡将士敬献花圈。报道称，这是拜登因新冠疫情自我隔离数周后的首次公开露面。 (拜登向阵亡将士敬献花圈。图源：路透社) 报道称，当天拜登及其夫人吉尔在特勤局工作人员的陪同下，前往位于特拉华州纽卡斯尔市的一处退伍军人纪念园，夫妇二人在阵亡将士纪念碑前敬献花圈。 (《国会山报》报道截图) 当被问及在阵亡将士纪念日有无要传递给美国民众的信息时，拜登说，“永远不要忘记这些人所作出的牺牲。永远不要忘记”。此外，报道还援引路透社的消息称，当天拜登还提到，“走出家门的感觉真好”。 拜登当天的装束也颇受外界关注。“今日俄罗斯”(RT)形容道：拜登戴着黑色口罩，再加上他标志性的黑色飞行员太阳镜，他的脸几乎看不见了。这家俄媒在题目中“笑称”：“乔，这是你吗?时隔两月首次公开露面，拜登口罩+墨镜的混搭装扮挡住了整张脸。” (RT报道截图) 有意思的是，对于拜登这个“装扮”，福克斯新闻频道资深分析师布里特·休姆也发推调侃：“这或许有助于解释特朗普为什么不喜欢在公共场合戴口罩。这是今天的拜登。”随后，拜登的“老对手”、美国总统特朗普转发了休姆这条推特。 《国会山报》称，自三月中旬以来，受新冠疫情影响，拜登开始在线上开展竞选活动。他定期出现在新闻节目中。自那时起，拜登一直在其位于特拉华州威尔明顿市的住所附近活动。 报道注意到，美国各州因疫情对大规模集会实施限制措施以来，拜登和特朗普均未举行过线下集会。不过最近几周，特朗普开始了他的访问之旅，接连前往密歇根州、亚利桑那州和宾夕法尼亚州，视察生产呼吸机等设备的机构。\n','环球网','2020-05-26',0),(124,'特朗普车队正飞驰赶往高尔夫俱乐部，路人“竖起中指”居然成了“美国英雄”','【环球网报道 记者 李东尧】刚刚过去的周末，特朗普连续两天与高尔夫球相伴，美国民众是什么态度？当地时间24日，一张特朗普车队前往高尔夫俱乐部的照片在推特上大火。照片中，一名女性路人朝着飞驰而过的车队竖起中指，吸引了一大波关注与讨论。有人批评她行为不雅，但更多夸她的人说，她是“美国英雄”。↓ 这张照片最早由一个名叫亚伦·卢帕（Aaron Rupar）的账户于当地时间24日发布在推特上，卢帕的账户认证为美国Vox新闻网记者。 他在发布这张照片时配文，“特朗普车队前往特朗普国家高尔夫球场，途经弗吉尼亚州斯特林时，一名女子朝着车队竖起了她的中指。”同时他还提到了这张照片的拍摄者——法新社记者曼德尔·恩甘（Mandel Ngan）。 截至发稿，该推文已获得超过1万次转发、4.9万次点赞以及超过2000条评论。 法新社于25日发布的一篇报道中，这张照片也被用作了配图。↓ 法新社的图说是：并非所有人都同意特朗普周末打高尔夫的决定。 这张照片被拍摄的具体时间尚不清楚。 但据美国有线电视新闻网（CNN）早前报道，当地时间23日和24日，特朗普连续两天在他位于弗吉尼亚州斯特林的特朗普国家高尔夫俱乐部打球，这是他自3月份新冠疫情暴发以来首次前往他的高尔夫球场。CNN还统计说，23日和24日是其在其总统任期内第265次和第266次造访他的高尔夫俱乐部。 疫情期间打高尔夫，也让特朗普受到了来自民主党人以及媒体的批评。 在美国新冠肺炎累计死亡病例达到10万例之际，23日，美国《纽约时报》提前公布记录美国新冠肺炎疫情1000名逝者个人信息的头版图片，与特朗普挥杆的照片形成鲜明对比。美民主党总统竞选人、前副总统拜登在社交媒体上批评说：“近10万人丧生，数千万人失业。与此同时，总统却忙着打高尔夫。” 有意思的是，这两天，这张路人“竖中指”的照片并未得到美国主流媒体的过多报道。 25日，英国《独立报》在报道这张照片时，将这名路人的举动称作特朗普在周末收到的“最尖锐的批评”。 《独立报》称，虽然她的举动是有争议的，但这一小动作可能比特朗普自这场（新冠）大流行开始以来所做的任何事情都更加有力、也更有意义。 在社交媒体上，虽然有人对这一举动表示质疑或是觉得不雅，但更多的网友则对这名路人表示支持。 网友Storm称，“她为什么不待在家里?这一切听起来像是民主党人的肮脏阴谋。”↓ 而美国网友“Spiro Agnew’s Ghost”评论，“她代表了数百万美国人（的心声）。谢谢你！”↓ 还有网友认为她是英雄，“不是所有英雄都穿着斗篷。”↓ 美国网友MURRAY则讽刺特朗普在疫情应对上的态度，其评论说，“特朗普基本上对在这场大流行中去世的10万人的家人‘竖了中指’。”↓ 网友Art Martin称，“她是美国英雄，相信我。”↓ 还有网友称，“她可能已经因为特朗普对这场大流行反应迟缓而失去了工作。”↓ 其实，这已经不是首次有人冲着特朗普车队竖中指。 2017年10月，特朗普车队离开位于弗吉尼亚州的特朗普国家高尔夫俱乐部时，在一家政府承包商工作的一名女子布里斯克曼（Juli Briskman）偶遇车队，于是她竖起中指表达不满。照片显示，布里斯克曼当时骑着单车。此后也正是因为这一举动，她被公司解雇。布里斯克曼开始从政，直到去年11月，布里斯克曼在选举中成功打败共和党候选人沃尔佩（Suzanne M.Volpe），赢得弗吉尼亚州劳顿郡监事会委员一职。 《独立报》25日调侃称，眼下我们还不确定最新照片中的这名女性是谁，但如果她在不久的将来赢得了什么职位，不要感到惊讶。','环球网','2020-05-26',0),(125,'特朗普可能制裁在美中国留学生，赵立坚：人们不禁要问，臭名昭著的麦卡锡主义正在回潮？','【环球时报-环球网报道 记者 李司坤】29日举行的外交部例行记者会上，有来自法新社的记者提问称：美国总统特朗普说，他今天晚些时候会有一个记者会，有可能对留在美国的中国留学生进行制裁，请问对此有何评论？ “美国领导人多次表示，欢迎中国学生赴美留学。”赵立坚在回应中表示，两国元首3月27日通话时，美国领导人再次表示，美国人民非常尊敬和喜爱中国人民，中国留学生对美国教育事业非常重要，美方将保护好在美中国公民，包括中国留学生。 赵立坚反问道：“言犹在耳，美方是不是打算食言而肥？” 赵立坚指出，一段时间以来，美方在中美人文交流领域采取的一系列消极错误言行，与美方自我标榜的开放自由的理念完全背道而驰，与两国民意背道而驰，与开展国际人才交流的时代潮流背道而驰，给中美正常人文交流与人员往来带来严重消极影响，严重损害了两国关系的社会基础，暴露出美国内一些人根深蒂固的冷战思维、零和思维。 “人们不禁要问，是不是美国历史上臭名昭著的麦卡锡主义正在回潮？”赵立坚说，如果美国政府公然采取损害中国在美留学人员合法权益的措施，将是赤裸裸的政治迫害和种族歧视，严重侵犯中国留学人员人权。 他强调，我们敦促美方恪守美国领导人有关承诺，立即停止利用各种借口对在美中国留学生的不断限制和打压，我们支持中国留学人员依法维护他们的正当合法权益。','环球时报-环球网','2020-05-29',0);
/*!40000 ALTER TABLE `news` ENABLE KEYS */;
UNLOCK TABLES;

--
-- Table structure for table `phrase`
--

DROP TABLE IF EXISTS `phrase`;
/*!40101 SET @saved_cs_client     = @@character_set_client */;
/*!40101 SET character_set_client = utf8 */;
CREATE TABLE `phrase` (
  `id` int(12) NOT NULL AUTO_INCREMENT,
  `phrase` varchar(100) NOT NULL,
  `news_id` int(10) NOT NULL,
  PRIMARY KEY (`id`),
  KEY `news_id` (`news_id`),
  CONSTRAINT `phrase_ifbk_1` FOREIGN KEY (`news_id`) REFERENCES `news` (`id`) ON DELETE CASCADE ON UPDATE CASCADE
) ENGINE=InnoDB AUTO_INCREMENT=407 DEFAULT CHARSET=utf8;
/*!40101 SET character_set_client = @saved_cs_client */;

--
-- Dumping data for table `phrase`
--

LOCK TABLES `phrase` WRITE;
/*!40000 ALTER TABLE `phrase` DISABLE KEYS */;
INSERT INTO `phrase` VALUES (1,'疫情防控',45),(2,'抽组',45),(3,'医疗力量',45),(4,'联勤保障',45),(5,'神山医院',45),(6,'开学时间',46),(7,'梁清源',46),(8,'武汉大部分',46),(9,'家人朋友',46),(10,'中南民族大学学生',46),(11,'报告新增',47),(12,'感染肺炎',47),(13,'确诊病例',47),(14,'治愈出院',47),(15,'新增例',47),(16,'冠状病毒感染',48),(17,'钟南山院士',48),(18,'盐水漱口',48),(19,'抗流感',48),(20,'预防冠状病毒',48),(21,'上校舰长',49),(22,'台军机长',49),(23,'蔡英文专机',49),(24,'性侵',49),(25,'不雅视频',49),(26,'金门民众',50),(27,'两岸交流',50),(28,'两岸和平',50),(29,'模范街',50),(30,'看到五星红旗',50),(31,'蔡当局',51),(32,'伙伴关系协定',51),(33,'台湾经济',51),(34,'蔡英文民进党',51),(35,'胜选',51),(36,'服月',52),(37,'法国读书',52),(38,'台湾男子',52),(39,'躲避服兵役',52),(40,'到底该不该',52),(41,'买口罩',53),(42,'台湾民众',53),(43,'中国台湾网',53),(44,'买来放',53),(45,'取自媒',53),(46,'疫情防控',54),(47,'紧急空运',54),(48,'战争军事行动',54),(49,'医疗队队员',54),(50,'医疗物资',54),(51,'达递送',55),(52,'亚马逊第四季度',55),(53,'营业利润',55),(54,'相比增长',55),(55,'订阅服务收入',55),(61,'精确位置',57),(62,'私人地图',57),(63,'重新设计',57),(64,'地图应用程序',57),(65,'不断重置',57),(66,'透过率',58),(67,'屏摄像头',58),(68,'智能手机影像',58),(69,'影像技术',58),(70,'显示区域',58),(71,'屏摄像头',59),(72,'前置摄像头',59),(73,'手机厂商',59),(74,'水滴屏',59),(75,'挖孔屏',59),(76,'头显',60),(77,'头戴式装置',60),(78,'顶部头带',60),(79,'新设备',60),(80,'混合现实',60),(81,'折叠屏',61),(82,'可折叠手机',61),(83,'专利图',61),(84,'外媒',61),(85,'中的小米',61),(86,'部署爱国者',62),(87,'伊拉克基地',62),(88,'上将马克·米利',62),(89,'伊拉克政府研究',62),(90,'依靠陆基',62),(91,'战术核武器',63),(92,'低当量',63),(93,'战略核潜艇',63),(94,'核弹头部署',63),(95,'美国核武器',63),(96,'航行自由',64),(97,'附近海域',64),(98,'独立战斗舰',64),(99,'南海航行',64),(100,'南海地区',64),(101,'联合训练',65),(102,'上校杰森·佩里',65),(103,'于别海町',65),(104,'于惠庭市',65),(105,'冲绳县宜野湾',65),(116,'一起温度',68),(117,'下一代改良',68),(118,'不能很好',68),(119,'世界常见',68),(120,'中物质',68),(121,'太阳望远镜',69),(122,'太阳日冕',69),(123,'丹尼尔·井上',69),(124,'在技术上在建设中',69),(125,'德克萨斯州大小',69),(126,'系外行星',70),(127,'太空望远镜',70),(128,'望远镜发射',70),(129,'斯皮策太空',70),(130,'任务团队',70),(131,'隐身轰炸机',71),(132,'主起落架',71),(133,'一体成型',71),(134,'轰炸机细节',71),(135,'可能会推后',71),(136,'环球时报记者',72),(137,'接受环球时报',72),(138,'确诊患者',72),(139,'感染病毒',72),(140,'确诊病例',72),(141,'肺炎疫情',73),(142,'冠状病毒肺炎',73),(143,'困扰中国',73),(144,'抗击疫情',73),(145,'世卫组织支持',73),(146,'城市地区',74),(147,'内陆城市',74),(148,'全球最大',74),(149,'城市人口',74),(150,'人口年间',74),(151,'空中优势',75),(152,'战斗机实现',75),(153,'不同作战',75),(154,'五代战斗机',75),(155,'利益杂志',75),(156,'下来天内',76),(157,'不准出门',76),(158,'不必慌张',76),(159,'不明案例',76),(160,'人民生活',76),(161,'美国驻',77),(162,'国家安全委员会官员',77),(163,'总统特朗普',77),(164,'维德曼判断',77),(165,'欧盟大使',77),(166,'水陆团',78),(167,'相浦驻地',78),(168,'河野太郎',78),(169,'乘上小船',78),(170,'会用日本',78),(171,'戴口罩',79),(172,'抗疫',79),(173,'疫情防控',79),(174,'防疫宣传',79),(175,'喊话宣传',79),(176,'疫情防控',80),(177,'复工复产',80),(178,'移动化',80),(179,'阿里钉钉',80),(180,'线上线',80),(181,'疫情防控',81),(182,'保供稳价',81),(183,'全国门店',81),(184,'重要民生',81),(185,'肉食生鲜',81),(186,'首席经济学家',82),(187,'企业业绩',82),(188,'投资者应当',82),(189,'疫情影响',82),(190,'企业长期',82),(191,'资本市场',83),(192,'开发多样化',83),(193,'开发出',83),(194,'短炒',83),(195,'家庭理财需要',83),(196,'北上资金',84),(197,'净买入',84),(198,'净卖出',84),(199,'医药生物',84),(200,'肺炎疫情',84),(201,'疫情防控',85),(202,'邮政快递',85),(203,'快递车辆',85),(204,'邮件快件',85),(205,'运输车辆',85),(206,'数智能手机',86),(207,'智能手机用户',86),(208,'美国国土安全部已经',86),(209,'个人用户识别',86),(210,'媒体报道称',86),(211,'四大洲锦标赛',87),(212,'比赛中',87),(213,'彭程金杨',87),(214,'隋文静韩聪',87),(215,'中国组合',87),(216,'终端销量',88),(217,'超智驾',88),(218,'全价值链',88),(219,'赢得消费者',88),(220,'发动机领域',88),(221,'上汽通用汽车',89),(222,'环保公益',89),(223,'三大品牌',89),(224,'公益平台',89),(225,'中国受尊敬',89),(226,'网红',90),(227,'主题区',90),(228,'梵高房间',90),(229,'展馆里',90),(230,'走进画',90),(231,'体育题材',91),(232,'工厂里',91),(233,'女排精神',91),(234,'共情',91),(235,'环境里',91),(236,'核心舱',92),(237,'合练任务',92),(238,'近地轨道',92),(239,'航天工程',92),(240,'空间应用',92),(241,'东部时间',93),(242,'中国月',93),(243,'亮更大',93),(244,'具体时间',93),(245,'准备好迎接',93),(246,'战备巡航',94),(247,'远海长航',94),(248,'海空兵力',94),(249,'轰轰炸机',94),(250,'防务部门',94),(251,'新冠',95),(252,'大城市',95),(253,'新感染率',95),(254,'冠肺炎',95),(255,'北京上海',95),(256,'甲型流感',96),(257,'新冠',96),(258,'疫情防控',96),(259,'看客做派',96),(260,'抗击疫情',96),(261,'甲型流感',96),(262,'新冠',96),(263,'疫情防控',96),(264,'看客做派',96),(265,'抗击疫情',96),(266,'国际航空运输',98),(267,'限制措施',98),(268,'民航组织',98),(269,'行政指令',98),(270,'国际旅行',98),(271,'胡塞武装',99),(272,'沙特空军',99),(273,'狂风战斗机',99),(274,'武装电视台',99),(275,'军事联盟',99),(276,'医疗物资',100),(277,'运运输机',100),(278,'医疗队队员',100),(279,'降落武汉天河机场',100),(280,'抗疫',100),(281,'伊朗制造',101),(282,'福莱斯特·谢尔曼驱逐舰',101),(283,'缴获伊朗',101),(284,'中东海域',101),(285,'也门胡塞',101),(286,'外长扎里夫',102),(287,'几近开战',102),(288,'全国广播公司',102),(289,'副指挥阿布·马赫迪·穆罕迪斯',102),(290,'卡西姆·苏莱曼尼展开',102),(291,'一同登上',103),(292,'上世纪年代',103),(293,'中说',103),(294,'中进行',103),(295,'中队一同',103),(296,'外长扎里夫',102),(297,'几近开战',102),(298,'全国广播公司',102),(299,'副指挥阿布·马赫迪·穆罕迪斯',102),(300,'卡西姆·苏莱曼尼展开',102),(301,'科考队员',105),(302,'贼鸥摄',105),(303,'长城站贼鸥',105),(304,'长城站站区',105),(305,'企鹅摄',105),(331,'季节高峰期',111),(332,'游客市场',111),(333,'中国游客',111),(334,'澳大利亚旅游',111),(335,'旅游项目',111),(336,'中国人民',112),(337,'抗击疫情',112),(338,'新冠',112),(339,'阻止疫情',112),(340,'肺炎疫情',112),(341,'谨慎心',113),(342,'底线思维',113),(343,'疫情防控',113),(344,'习近平总书记',113),(345,'谦虚谨慎',113),(346,'中国社会',114),(347,'漏水淹',114),(348,'美国参议员',114),(349,'骂中国',114),(350,'中国网友',114),(352,'中方愿',115),(353,'疫情防控',115),(354,'疫情世界',115),(355,'支持帮助',115),(356,'世卫组织工作',115),(357,'抗疫',116),(358,'疫情防控',116),(359,'抗击疫情',116),(360,'战维护',116),(361,'伸出援手',116),(362,'疫情防控',117),(363,'经济社会发展',117),(364,'决定性成果',117),(365,'目标任务',117),(366,'习近平总书记',117),(367,'美国记者',118),(368,'国务卿佩',118),(369,'美国国务卿',118),(370,'干涉美国',118),(371,'中国外交部发言人',118),(372,'新冠',119),(373,'无限期吊销',119),(374,'餐厅老板',119),(375,'科罗拉多州州长',119),(376,'国会山报',119),(377,'儿童怪病',120),(378,'新冠',120),(379,'小儿系统',120),(380,'冠病毒检测',120),(381,'防疫部门',120),(382,'位于特拉华州',121),(383,'冠疫情',121),(384,'国会山报',121),(385,'处退伍军人',121),(386,'公开露面',121),(397,'特朗普国家',124),(398,'高尔夫俱乐部',124),(399,'新冠',124),(400,'车队竖起',124),(401,'特朗普车队',124),(402,'中国留学人员',125),(403,'中国留学生',125),(404,'人文交流',125),(405,'美国领导人',125),(406,'两国关系社会',125);
/*!40000 ALTER TABLE `phrase` ENABLE KEYS */;
UNLOCK TABLES;

--
-- Table structure for table `summary`
--

DROP TABLE IF EXISTS `summary`;
/*!40101 SET @saved_cs_client     = @@character_set_client */;
/*!40101 SET character_set_client = utf8 */;
CREATE TABLE `summary` (
  `id` int(12) NOT NULL AUTO_INCREMENT,
  `summary` varchar(100) NOT NULL,
  `news_id` int(10) NOT NULL,
  PRIMARY KEY (`id`),
  KEY `news_id` (`news_id`),
  CONSTRAINT `summary_ifbk_1` FOREIGN KEY (`news_id`) REFERENCES `news` (`id`) ON DELETE CASCADE ON UPDATE CASCADE
) ENGINE=InnoDB AUTO_INCREMENT=286 DEFAULT CHARSET=utf8;
/*!40101 SET character_set_client = @saved_cs_client */;

--
-- Dumping data for table `summary`
--

LOCK TABLES `summary` WRITE;
/*!40000 ALTER TABLE `summary` DISABLE KEYS */;
INSERT INTO `summary` VALUES (41,'军队抽组1400名医护人员于2月3日起承担武汉火神山医院医疗救治任务',45),(42,'军队抽组医疗力量分别以铁路、空运的方式集结武汉',45),(43,'联勤保障部队所属医院抽组950人',45),(44,'武汉大学、华中科技大学、华中农业大学、中国地质大学(武汉)等武汉大部分高校已决定延迟2020年春季开学',46),(45,'早日战胜疫情正常上学 中新社武汉1月29日电 (记者 马芙蓉)',46),(46,'武汉平安',46),(47,'我省报告新增新型冠状病毒感染的肺炎确诊病例2例',47),(48,'福建报告新增新型冠状病毒感染的肺炎确诊病例7例',47),(49,'青海省报告新型冠状病毒感染的肺炎新增确诊病例2例',47),(50,'而新型冠状病毒感染是病毒进入呼吸道',48),(51,'钟南山院士建议盐水漱口防病毒',48),(52,'钟南山院士已被传染新型冠状病毒 广州医科大学附属第一医院相关负责人介绍',48),(53,'性侵、不雅视频疯传、KTV跳',49),(54,'其妻子更惊爆丈夫于出蔡英文专机勤务前一晚',49),(55,'有网友表示',49),(56,'金门民众祈愿两岸和平',50),(57,'通过金门促进两岸关系和平发展',50),(58,'金门居民王明宗表示',50),(59,'这有可能引起未来四年经济问题恶化',51),(60,'也必须让蔡英文和民进党当局认清未来无法回避的横逆',51),(61,'但我们对台湾经济的未来感到无比忧心',51),(62,'该男子的做法引来台湾网友热议',52),(63,'有网友表示支持该男子的做法',52),(64,'海外网10月14日电 台湾一男子因想到法国读书陪伴女友',52),(65,'将手中的1万个口罩捐给饭店员工及台湾民众使用',53),(66,'指买上万个口罩是否为囤积行为',53),(67,'周玉蔻、汪小菲',53),(68,'空运医疗队队员和医疗物资飞赴武汉',54),(69,'空军2月2日凌晨出动8架大型运输机',54),(70,'空军出动8架大型运输机',54),(71,'亚马逊第四季度营收增长21%',55),(72,'——亚马逊2019年第四季度营业利润增至39亿美元',55),(73,'——亚马逊2019年第四季度净利润增至33亿美元',55),(77,'其重新设计的Maps应用现在可用于美国各地的所有用户',57),(78,'我们着手创建最好和最私人的地图应用程序',57),(79,'苹果地图还会提供旧金山',57),(80,'屏下摄像头技术（CUP',58),(81,'他表示以目前的技术能力',58),(82,'卢伟冰也公开谈到了屏下摄像头技术',58),(83,'很多手机厂商都在攻克屏下摄像头技术',59),(84,'OPPO屏下摄像头技术 从演示效果来看',59),(85,'OPPO对屏下摄像头成像的多算法优化 因此',59),(86,'新设备沿用了旧款 Odyssey 头显的设计风格',60),(87,'韩国电子巨头三星亦于 2017 年 10 月发布了可单独使用的 Odyssey 混合现实（MR）头戴式装置',60),(88,'与现款 Odyssey 头显所采用的直式设计大不相同',60),(89,'小米曾向知识产权局提交了2种不同样式的折叠屏专利',61),(90,'这与外媒在2019年所发现的两项折叠屏专利之一的内容相一致',61),(91,'其中一项专利为类似于华为Mate X的外翻折叠屏专利',61),(92,'伊朗使用导弹对美军驻伊拉克基地展开报复性打击',62),(93,'美方目前正在与伊拉克研究在该国部署',62),(94,'美国1月3日在巴格达针对伊斯兰革命卫队',62),(95,'美国开始利用新型战术核武器威胁俄罗斯',63),(96,'美国开始利用潜射战术核武器威胁俄罗斯',63),(97,'美国人认为这种核武器更',63),(98,'号于1月25日在中国南海南沙群岛附近海域航行',64),(99,'号濒海战斗舰1月25日在中国南沙群岛附近海域航行的画面',64),(100,'南部战区新闻发言人李华敏大校此前也对美军舰机在南海的',64),(101,'日本陆上自卫队与美国海军陆战队26日在惠庭市的陆自南惠庭基地举行了日美联合训练的启动仪式',65),(102,'联合训练预计在位于别海町等地的矢臼别演习场及位于惠庭市等地的北海道大演习场进行',65),(103,'进行训练是继2017年8月联合训练以来的第2次',65),(110,'这些转基因植物与普通玉米一起在25ºC（77ºF）的温度下生长了三周',68),(111,'并且更快地产生了成熟的玉米穗',68),(112,'这样做是为了模拟春季播种玉米作物时发生的寒冷',68),(113,'美国国家科学基金会的丹尼尔·井上太阳望远镜（DKIST）近日拍摄了有史以来最高分辨率的太阳表面图像',69),(114,'利用DKIST太阳望远镜',69),(115,'预计DKIST太阳望远镜将收集有关太阳日冕行为的更多信息',69),(116,'但它已为计划于2021年发射的詹姆斯·韦伯太空望远镜的观测任务奠定了坚实基础',70),(117,'该大型红外望远镜于2003年发射',70),(118,'美国宇航局宣布正式关闭已运行16年的斯皮策太空望远镜',70),(119,'目前关于B-21轰炸机的许多细节仍是未知数',71),(120,'美国空军公布了B-21下一代隐身轰炸机的3张概念图',71),(121,'B-21的主起落架是两轮设计',71),(122,'日本厚生劳动省6日在接受《环球时报》记者采访时称',72),(123,'厚生劳动省在回答《环球时报》记者提问时称',72),(124,'大石和德在接受《环球时报》采访时称',72),(125,'俄罗斯坚决支持中国抗击疫情将进一步增进两国的友谊',73),(126,'在中国上下一心抗击新型冠状病毒肺炎疫情的关键时刻',73),(127,'所以当疫情困扰中国时',73),(128,'中国有6个城市地区超过伦敦的规模',74),(129,'加拿大只有6个城市地区的人口超过100万',74),(130,'中国现在有113个城市人口越过100万的门槛',74),(131,'使苏-57在未来几十年成为俄罗斯主要的空中优势战斗机',75),(132,'中国需要决定是否要增购苏-35战斗机并实现在国内生产组装',75),(133,'出口苏-57对于俄罗斯而言好处是显而易见的',75),(134,'李显龙针对新冠病毒疫情发出声明',76),(135,'新加坡总理李显龙强调',76),(136,'《联合早报》) 报道称',76),(137,'可是在弹劾案中作证的国家安全委员会官员亚历山大⋅维德曼和美国驻欧盟大使戈登⋅桑德兰',77),(138,'美国媒体和民主党人称这是特朗普的',77),(139,'特朗普还说',77),(140,'日本防卫相河野太郎视察了',78),(141,'日本防卫相河野太郎8日访问了陆上自卫队相浦驻地（长崎县佐世保市）',78),(142,'视察了被称为日本版海军陆战队的离岛防卫专门部队',78),(143,'浙江警用无人机喊话宣传防疫走红',79),(144,'利用无人机进行隔空中喊话宣传劝导',79),(145,'台州、杭州、嘉兴、湖州、绍兴、金华、衢州等地利用固定翼无人机、多旋翼无人机开展空中巡逻600余架次、覆盖400余个小区、40多个广场、10余个封闭景区',79),(146,'另一方面又要按照减少直接接触的疫情防控要求',80),(147,'我们一手抓疫情防控',80),(148,'才是保证企业在线不停产、提升疫情应对能力的努力方向',80),(149,'确保全国各地特别是湖北省粮油稳定供应',81),(150,'供应湖北区域市场的中粮集团旗下工厂还可新增生产600吨大米、500吨面粉以及1500吨食用油的产能',81),(151,'全力保障全国各地特别是湖北省重要民生必需品的稳定供应',81),(152,'投资者应当更多关注企业本身而非股价',82),(153,'受疫情影响的波动',82),(154,'很快市场就会迎来反弹',82),(155,'银行和保险公司应该开发出大量中长期投资产品满足家庭理财需要',83),(156,'养老投资意识相对淡漠也是家庭理财需要改善的地方',83),(157,'我国大部分家庭的养老储蓄和养老投资意识还比较淡漠',83),(158,'但北上资金本周却连续减持华润三九',84),(159,'但北上资金本周也是连续减持鱼跃医疗',84),(160,'北上资金大幅净买入182亿元',84),(161,'严格按照《交通运输部关于切实保障疫情防控应急物资运输车辆顺畅通行的紧急通知》要求',85),(162,'各地交通运输部门要将邮政(含邮政外协车辆)、快递车辆纳入疫情防控及运输应急、生活和重要生产物资的车辆管理',85),(163,'明确对执行应急物资运输任务的邮政、快递车辆落实',85),(164,'智能手机用户确实会授权应用访问其位置数据',86),(165,'美国国土安全部已经承认其使用了追踪数百万智能手机用户的数据库',86),(166,'这些数据已经被用于边境和移民执法',86),(167,'中国组合彭程/金杨在双人短节目取得75.96分',87),(168,'中国卫冕冠军隋文静/韩聪则在抛跳动作出现罕见失误',87),(169,'短节目比赛中',87),(170,'东风日产终端销量129',88),(171,'产品及销量并不是东风日产的全部',88),(172,'将有3款东风日产车型搭载ProPILOT超智驾',88),(173,'充分彰显了上汽通用汽车积极承揽企业社会责任',89),(174,'中国企业社会责任榜',89),(175,'充分体现了上汽通用汽车在构建企业体系能力、全方位健康发展以及积极践行企业社会责任等方面的不懈努力和突出贡献',89),(176,'《梵高的房间》 多样化的主题设置是L’atelier在中国收获高超人气的主要原因',90),(177,'- L’atelier东大门光绘美术馆 当前最火首尔网红景点',90),(178,'除了有和首尔东大门展馆一样的',90),(179,'就会让你觉得很有激情的东西出来',91),(180,'你会觉得这两个人在场',91),(181,'我们以前会回避这种特别还原年代的东西',91),(182,'新型大型运载火箭将承担载人空间站舱段等重大发射任务 按计划',92),(183,'承担起我国载人空间站舱段等重大航天发射任务',92),(184,'使其主要用于空间站舱段等近地轨道大型航天器发射任务',92),(185,'下一次满月也将是超级月亮',93),(186,'这时候的月亮看起来比标准满月要更亮更大',93),(187,'将发生在一个月后',93),(188,'当天日本自卫队发现4架中国轰-6轰炸机在东海以及西太平洋海域飞行',94),(189,'东部战区新闻发言人张春晖空军大校就海空兵力战备巡航发表谈话',94),(190,'此次出动的是中国空军的轰-6K型轰炸机',94),(191,'中国旅行者将病毒带往世界其他地方的概率也与严厉措施采取之前完全不是一回事了',95),(192,'除了湖北省和个别疫情严重的城市',95),(193,'北京上海等中国大城市死于这种病毒的人都是个位数',95),(194,'美国人士马意骏撰文比较2009年甲型H1N1流感与当前的新冠肺炎疫情',96),(195,'美国一些人以傲慢与冷漠心态对中国防控疫情的努力妄加指责时',96),(196,'只能落得在世道人心中大大失分的下场 针对美国媒体借当前的新冠肺炎疫情对中国制度体系说三道四的做法',96),(197,'美国人士马意骏撰文比较2009年甲型H1N1流感与当前的新冠肺炎疫情',96),(198,'美国一些人以傲慢与冷漠心态对中国防控疫情的努力妄加指责时',96),(199,'只能落得在世道人心中大大失分的下场 针对美国媒体借当前的新冠肺炎疫情对中国制度体系说三道四的做法',96),(200,'民航局及时主动向国际民航组织通报中国政府以及中国民航对国际航班采取的防疫措施',98),(201,'民航局希望有关国家能够遵循世界卫生组织和国际民航组织的建议',98),(202,'不采取限制国际旅行和贸易的措施',98),(203,'据也门胡塞武装电视台报道',99),(204,'也门胡塞武装也通过其电视台称',99),(205,'一架隶属于沙特空军的战斗机14日在也门坠毁',99),(206,'6架运-20运输机、4架伊尔-76运输机和2架运-9运输机依次降落',100),(207,'这是运-20、运-9两型国产运输机首次参加医疗物资运送任务',100),(208,'运-20运输机代号',100),(209,'美国海军截获了358件伊朗制造的导弹和其他武器装备',101),(210,'【环球网报道 记者 徐璐明】美国海军声称在中东海域上截获了上百枚伊朗制造的导弹',101),(211,'包括3枚伊朗制造的地空对导弹、热成像武器瞄准器、无人机零部件以及其他一些弹药',101),(212,'美国和伊朗当时几近开战',102),(213,'伊朗外长扎里夫15日表示',102),(214,'伊朗将军苏莱曼尼被美军暗杀',102),(215,'CMV-22B舰载运输机将是F-35C上舰的关键',103),(216,'将一架CMV-22B舰载运输机交付美国海军',103),(217,'制造商近日向美国海军交付了首架CMV-22B舰载运输机',103),(218,'美国和伊朗当时几近开战',102),(219,'伊朗外长扎里夫15日表示',102),(220,'伊朗将军苏莱曼尼被美军暗杀',102),(221,'新华社记者 刘诗平 摄 长城站贼鸥湖边苔藓地上的两只贼鸥（2月9日摄）',105),(222,'新华社记者 刘诗平 摄 长城站贼鸥湖里戏水的贼鸥（2月9日摄）',105),(223,'新华社记者 刘诗平 摄 长城站站区里的企鹅（2月10日摄）',105),(239,'中国游客市场的损失使澳大利亚旅游遭受双重打击',111),(240,'哈特还强调称中文旅游项目等一些业务受到的影响尤为严重',111),(241,'澳大利亚旅游协会主席哈特近日表示',111),(242,'中国经济会在疫情结束后继续其良好发展态势 在中国人民奋力抗击新冠疫情的关键时刻',112),(243,'表示瑞士愿支持中国共同抗击疫情',112),(244,'其间就中国抗击新冠肺炎疫情表达支持',112),(245,'各级干部特别是领导干部必须增强必胜之心、责任之心、仁爱之心、谨慎之心',113),(246,'增强忧患意识、防范风险挑战要一以贯之',113),(247,'习近平总书记恰在这时语重心长地提出增强',113),(248,'要远远好于美国和少数西方国家在中国危难时的表现',114),(249,'中国少数网友说',114),(250,'然后怎么看怎么觉得中国人就像一个',114),(253,'法方愿同中方开展双边卫生合作',115),(254,'习近平应询介绍了中方疫情防控的形势',115),(255,'中方愿继续向法方提供力所能及的支持和帮助',115),(256,'中国的对外抗疫援助',116),(257,'为国际社会抗击疫情积极贡献中国智慧、中国经验、中国力量',116),(258,'向多个国家派遣抗疫医疗队、建立疫情防控网上知识中心、举行数十场专家视频会议、提供大量抗疫物资援助……中国在继续做好国内疫情防控的同时',116),(259,'中国人民万众一心、众志成城打响了疫情防控阻击战',117),(260,'展现着中国人民面对病毒的英勇无畏',117),(261,'勇毅投身疫情防控斗争',117),(262,'中国还要求这些美国记者',118),(263,'美国变相驱逐60名中国记者后',118),(264,'【环球时报综合报道】针对美国国务卿蓬佩奥声称中国政府干涉美国记者在港工作',118),(265,'科罗拉多州州长贾里德•波利斯无限期吊销该餐厅营业执照的举动是',119),(266,'位于美国科罗拉多州的C&C Coffee and Kitchen餐厅',119),(267,'这家餐厅老板将州长和多个卫生部门告上法庭',119),(268,'韩国出现2例被称为',120),(269,'2例患儿均在首尔地区出现',120),(270,'这是韩国首次出现',120),(271,'(拜登向阵亡将士敬献花圈',121),(272,'这是拜登因新冠疫情自我隔离数周后的首次公开露面',121),(273,'拜登口罩+墨镜的混搭装扮挡住了整张脸',121),(280,'一张特朗普车队前往高尔夫俱乐部的照片在推特上大火',124),(281,'也让特朗普受到了来自民主党人以及媒体的批评',124),(282,'↓ 美国网友MURRAY则讽刺特朗普在疫情应对上的态度',124),(283,'美国领导人多次表示',125),(284,'中国留学生对美国教育事业非常重要',125),(285,'我们敦促美方恪守美国领导人有关承诺',125);
/*!40000 ALTER TABLE `summary` ENABLE KEYS */;
UNLOCK TABLES;

--
-- Table structure for table `time`
--

DROP TABLE IF EXISTS `time`;
/*!40101 SET @saved_cs_client     = @@character_set_client */;
/*!40101 SET character_set_client = utf8 */;
CREATE TABLE `time` (
  `date` date DEFAULT NULL
) ENGINE=InnoDB DEFAULT CHARSET=utf8;
/*!40101 SET character_set_client = @saved_cs_client */;

--
-- Dumping data for table `time`
--

LOCK TABLES `time` WRITE;
/*!40000 ALTER TABLE `time` DISABLE KEYS */;
INSERT INTO `time` VALUES ('1997-05-13'),('1997-05-14'),('1997-05-14');
/*!40000 ALTER TABLE `time` ENABLE KEYS */;
UNLOCK TABLES;

--
-- Table structure for table `user`
--

DROP TABLE IF EXISTS `user`;
/*!40101 SET @saved_cs_client     = @@character_set_client */;
/*!40101 SET character_set_client = utf8 */;
CREATE TABLE `user` (
  `id` int(10) NOT NULL AUTO_INCREMENT,
  `name` varchar(30) NOT NULL,
  `password` varchar(20) NOT NULL,
  `real_name` varchar(10) NOT NULL,
  `phone_number` varchar(11) NOT NULL,
  `level` int(2) NOT NULL,
  PRIMARY KEY (`id`)
) ENGINE=InnoDB DEFAULT CHARSET=utf8;
/*!40101 SET character_set_client = @saved_cs_client */;

--
-- Dumping data for table `user`
--

LOCK TABLES `user` WRITE;
/*!40000 ALTER TABLE `user` DISABLE KEYS */;
/*!40000 ALTER TABLE `user` ENABLE KEYS */;
UNLOCK TABLES;
/*!40103 SET TIME_ZONE=@OLD_TIME_ZONE */;

/*!40101 SET SQL_MODE=@OLD_SQL_MODE */;
/*!40014 SET FOREIGN_KEY_CHECKS=@OLD_FOREIGN_KEY_CHECKS */;
/*!40014 SET UNIQUE_CHECKS=@OLD_UNIQUE_CHECKS */;
/*!40101 SET CHARACTER_SET_CLIENT=@OLD_CHARACTER_SET_CLIENT */;
/*!40101 SET CHARACTER_SET_RESULTS=@OLD_CHARACTER_SET_RESULTS */;
/*!40101 SET COLLATION_CONNECTION=@OLD_COLLATION_CONNECTION */;
/*!40111 SET SQL_NOTES=@OLD_SQL_NOTES */;

-- Dump completed on 2020-08-25 22:13:31
